"contact_id","type_id"
"3571","9"
"3575","1"
"3570","1"
"3573","1"
"3577","1"
"3577","3"
"3565","1"
"4587","1"
"3580","1"
"3567","1"
"3567","3"
"3568","1"
"3568","8"
"3568","5"
"3568","6"
"3572","1"
"3572","3"
"3569","2"
"3569","3"
"3573","8"
"3573","5"
"3573","6"
"3576","1"
"3576","3"
"3578","1"
"3578","3"
"3580","2"
"3580","8"
"3580","3"
"3580","4"
"3580","5"
"3580","6"
"3580","7"
"3580","9"
"4583","8"
"3131","1"
"4586","1"
"3581","1"
"4585","1"
"4582","3"
"4581","1"
"4581","5"
"4584","3"
"3579","3"
"6610","2"
"6587","3"
"6610","8"
"6610","3"
"2553","1"
"5587","1"
"5587","3"
"4586","3"
"9631","1"
"312","1"
"9629","1"
"9628","8"
"3383","1"
"312","8"
"9631","5"
"3395","1"
"10631","1"
"6605","1"
"6605","3"
"3395","3"
"6605","5"
"6605","6"
"9630","1"
"9630","3"
"9629","8"
"9629","3"
"10632","3"
"10633","1"
"10633","3"
"16648","1"
"17648","1"
"3411","8"
"3411","9"
"23671","2"
"23670","1"
"10638","1"
"10638","2"
"10638","8"
"10638","3"
"19649","1"
"10635","1"
"10635","3"
"19652","1"
"12648","4"
"11642","1"
"2733","1"
"10639","1"
"20656","1"
"10634","1"
"12646","1"
"13649","1"
"23665","1"
"23665","3"
"12645","1"
"12644","1"
"12644","3"
"11639","1"
"11639","5"
"11639","7"
"15648","4"
"15648","9"
"19654","1"
"12642","1"
"13649","4"
"12643","1"
"17648","3"
"3406","1"
"21662","6"
"3398","2"
"13649","7"
"16649","1"
"10636","8"
"14649","1"
"17649","3"
"11641","1"
"3403","1"
"11643","1"
"10640","1"
"292","1"
"292","2"
"292","3"
"2992","1"
"14650","1"
"11640","1"
"11640","2"
"18651","1"
"18651","2"
"18651","4"
"18651","7"
"13648","3"
"19650","8"
"19650","7"
"12646","2"
"14652","1"
"14652","3"
"14648","1"
"3406","3"
"3406","4"
"10636","3"
"11643","3"
"19651","8"
"12646","3"
"12647","1"
"12647","3"
"17650","9"
"23670","8"
"23670","3"
"23672","2"
"19653","1"
"19653","3"
"20661","1"
"19655","1"
"2733","3"
"46692","1"
"24674","1"
"20663","2"
"20663","5"
"20663","6"
"20663","7"
"3398","9"
"18649","1"
"23663","1"
"20656","4"
"20656","6"
"10637","1"
"20657","1"
"21663","3"
"22664","1"
"20659","1"
"20659","8"
"20658","1"
"20658","8"
"20658","5"
"19655","2"
"19655","8"
"19655","4"
"19655","7"
"19656","1"
"19656","2"
"14651","1"
"18650","2"
"18650","5"
"18650","6"
"18650","7"
"14651","2"
"14651","3"
"18649","3"
"11640","8"
"11640","3"
"12643","7"
"23672","8"
"23669","2"
"23669","5"
"23669","6"
"10637","3"
"23666","8"
"20662","1"
"20662","5"
"20662","9"
"20660","1"
"25677","9"
"25679","1"
"24674","3"
"25676","1"
"25676","3"
"25675","8"
"25674","1"
"23673","1"
"23674","1"
"23674","4"
"23673","8"
"23673","3"
"25679","3"
"25678","1"
"40692","1"
"43692","1"
"44692","1"
"44692","3"
"45693","1"
"33686","1"
"33686","3"
"42692","1"
"45693","2"
"45693","3"
"45693","4"
"41691","1"
"40691","1"
"41691","3"
"47694","1"
"45692","1"
"84810","2"
"84811","2"
"43691","1"
"43691","3"
"43693","1"
"43693","3"
"35686","1"
"35686","3"
"35687","1"
"35687","3"
"48695","8"
"37688","1"
"42691","1"
"47693","1"
"26679","1"
"15","1"
"15","5"
"15","6"
"16","1"
"2842","1"
"18","1"
"18","5"
"18","6"
"19","2"
"1991","1"
"2842","2"
"21","1"
"2842","3"
"3474","1"
"3474","5"
"3461","1"
"3461","3"
"23","1"
"24","1"
"24","2"
"24","3"
"24","4"
"25","1"
"26","1"
"27","1"
"27","5"
"2819","1"
"3334","1"
"30","2"
"3084","8"
"33","1"
"33","3"
"34","2"
"34","7"
"35","1"
"35","3"
"37","1"
"38","1"
"39","1"
"39","4"
"40","1"
"40","2"
"40","3"
"40","4"
"40","7"
"41","5"
"42","2"
"42","7"
"3089","2"
"44","1"
"811","1"
"47","1"
"47","5"
"3089","3"
"3061","1"
"50","1"
"51","1"
"3061","3"
"3023","1"
"56","1"
"57","1"
"57","5"
"58","1"
"58","3"
"59","2"
"59","5"
"59","7"
"60","1"
"61","1"
"63","1"
"64","3"
"65","1"
"66","7"
"69","1"
"70","1"
"71","3"
"71","4"
"811","4"
"74","1"
"75","1"
"75","3"
"76","1"
"77","1"
"3023","5"
"3023","6"
"2759","1"
"80","1"
"80","3"
"80","4"
"81","1"
"83","1"
"83","3"
"2759","2"
"85","1"
"86","1"
"87","1"
"87","5"
"824","1"
"1716","2"
"1716","3"
"90","1"
"90","5"
"2759","7"
"3009","1"
"3009","4"
"3040","1"
"92","3"
"94","1"
"94","3"
"95","1"
"96","1"
"98","1"
"99","2"
"99","7"
"100","1"
"3448","2"
"102","1"
"104","1"
"105","1"
"106","1"
"3452","1"
"108","1"
"109","5"
"110","1"
"111","1"
"111","2"
"111","3"
"111","7"
"112","1"
"112","5"
"3040","3"
"114","1"
"114","3"
"114","4"
"115","1"
"115","5"
"116","1"
"116","5"
"117","1"
"118","1"
"119","1"
"120","1"
"121","1"
"123","2"
"124","1"
"126","1"
"126","5"
"127","1"
"128","1"
"129","1"
"129","3"
"131","1"
"132","1"
"133","1"
"134","2"
"134","3"
"135","1"
"135","3"
"136","1"
"137","1"
"138","1"
"138","2"
"138","5"
"138","6"
"139","1"
"139","5"
"140","1"
"141","1"
"141","3"
"142","1"
"142","3"
"143","1"
"143","5"
"144","1"
"144","3"
"144","4"
"145","1"
"145","5"
"146","1"
"146","3"
"147","1"
"147","3"
"147","4"
"148","1"
"149","1"
"149","2"
"149","3"
"149","7"
"150","1"
"150","3"
"151","1"
"151","3"
"152","1"
"154","1"
"154","3"
"155","1"
"156","1"
"156","2"
"156","7"
"157","1"
"157","3"
"2601","1"
"2601","3"
"2601","9"
"159","2"
"159","4"
"159","7"
"160","1"
"160","2"
"160","3"
"160","7"
"162","1"
"162","3"
"163","1"
"3446","1"
"3453","1"
"2933","1"
"165","2"
"165","3"
"165","7"
"166","1"
"166","5"
"167","1"
"169","1"
"169","6"
"171","2"
"172","2"
"172","7"
"173","1"
"174","1"
"175","5"
"176","1"
"176","3"
"176","4"
"177","6"
"178","1"
"178","5"
"179","1"
"180","1"
"181","1"
"182","1"
"182","3"
"182","4"
"183","5"
"184","1"
"184","5"
"185","1"
"185","5"
"2924","1"
"187","1"
"189","1"
"190","1"
"190","3"
"191","4"
"192","4"
"193","1"
"194","1"
"194","3"
"195","1"
"196","1"
"197","1"
"197","5"
"198","1"
"199","1"
"199","3"
"199","6"
"200","2"
"200","4"
"201","1"
"202","2"
"202","7"
"203","1"
"2924","5"
"205","1"
"206","1"
"206","2"
"206","3"
"206","5"
"2482","1"
"3334","5"
"210","1"
"210","3"
"2186","1"
"3121","3"
"2395","1"
"2397","1"
"214","1"
"3123","1"
"3123","3"
"216","1"
"216","5"
"218","1"
"219","1"
"221","1"
"2396","1"
"1547","1"
"3120","1"
"224","1"
"224","3"
"224","4"
"225","1"
"226","2"
"226","3"
"226","7"
"227","1"
"228","1"
"228","3"
"229","1"
"229","3"
"230","3"
"231","1"
"232","1"
"232","4"
"232","7"
"233","1"
"234","1"
"3124","1"
"236","1"
"237","1"
"237","3"
"238","1"
"239","3"
"240","1"
"241","1"
"241","4"
"242","2"
"242","6"
"243","5"
"244","1"
"245","5"
"246","1"
"247","1"
"3467","1"
"250","1"
"251","1"
"252","1"
"252","3"
"253","1"
"3125","1"
"3125","3"
"256","1"
"256","5"
"3117","3"
"258","1"
"258","5"
"258","6"
"3467","8"
"260","1"
"260","2"
"260","5"
"260","6"
"261","1"
"262","1"
"263","1"
"263","3"
"264","1"
"265","1"
"267","1"
"267","2"
"267","3"
"3331","1"
"1983","1"
"1983","3"
"269","1"
"269","5"
"269","6"
"270","1"
"1552","1"
"272","1"
"272","3"
"273","1"
"2350","2"
"2396","3"
"276","1"
"276","5"
"277","3"
"278","2"
"278","3"
"279","1"
"279","5"
"3112","1"
"282","1"
"282","3"
"283","1"
"284","1"
"284","4"
"286","1"
"286","5"
"287","1"
"287","3"
"289","1"
"289","3"
"290","1"
"290","6"
"291","1"
"291","3"
"293","1"
"293","4"
"2394","1"
"293","6"
"294","1"
"3477","1"
"3467","9"
"3477","3"
"2901","9"
"2907","4"
"298","2"
"298","3"
"298","7"
"300","1"
"301","1"
"301","2"
"301","7"
"302","1"
"303","1"
"303","3"
"2913","1"
"2913","8"
"305","1"
"305","5"
"2913","3"
"164","1"
"307","1"
"307","3"
"308","7"
"309","1"
"311","1"
"311","2"
"164","5"
"313","1"
"313","2"
"313","4"
"2910","9"
"315","2"
"315","4"
"315","7"
"316","1"
"317","1"
"317","4"
"164","6"
"319","1"
"319","4"
"320","3"
"321","1"
"2892","1"
"323","1"
"324","1"
"324","3"
"325","1"
"325","2"
"325","3"
"327","1"
"327","2"
"327","3"
"327","7"
"328","2"
"328","3"
"329","5"
"329","6"
"331","7"
"2926","1"
"333","1"
"333","3"
"1044","1"
"336","6"
"337","2"
"337","3"
"337","4"
"338","1"
"338","4"
"339","1"
"339","3"
"340","1"
"340","5"
"2926","3"
"2903","1"
"343","1"
"344","1"
"345","1"
"345","5"
"346","2"
"346","3"
"347","1"
"2905","1"
"349","1"
"1830","1"
"1925","1"
"1385","1"
"1385","3"
"353","1"
"354","6"
"2401","1"
"356","1"
"356","3"
"357","1"
"359","1"
"360","1"
"361","1"
"362","1"
"363","2"
"363","7"
"364","1"
"365","1"
"366","1"
"366","3"
"367","1"
"367","3"
"368","3"
"370","1"
"371","1"
"372","1"
"372","5"
"372","6"
"373","4"
"374","2"
"375","1"
"375","2"
"376","5"
"751","1"
"751","2"
"751","3"
"379","2"
"1830","2"
"382","1"
"383","1"
"384","1"
"384","2"
"384","3"
"384","7"
"385","1"
"387","1"
"389","1"
"389","3"
"390","1"
"390","2"
"391","1"
"392","1"
"392","3"
"394","1"
"395","1"
"396","1"
"397","1"
"397","4"
"397","5"
"398","1"
"399","1"
"400","1"
"400","5"
"3475","1"
"401","1"
"401","5"
"402","1"
"402","3"
"403","5"
"404","1"
"404","4"
"405","1"
"405","3"
"406","1"
"407","1"
"408","1"
"409","1"
"409","3"
"410","1"
"412","1"
"751","7"
"414","1"
"414","3"
"416","1"
"416","2"
"416","3"
"416","7"
"418","3"
"419","1"
"420","1"
"421","1"
"422","1"
"423","1"
"425","1"
"426","1"
"426","2"
"426","3"
"427","2"
"427","7"
"428","1"
"429","1"
"430","1"
"431","1"
"186","1"
"433","1"
"433","3"
"433","5"
"433","7"
"434","1"
"435","1"
"436","1"
"1065","1"
"438","1"
"1065","3"
"972","1"
"972","5"
"974","1"
"441","1"
"441","4"
"442","1"
"442","2"
"442","3"
"442","7"
"443","1"
"444","1"
"444","2"
"444","3"
"444","7"
"3475","8"
"3475","3"
"446","1"
"447","1"
"448","2"
"448","3"
"448","4"
"448","5"
"448","7"
"449","1"
"449","3"
"450","1"
"450","3"
"451","1"
"453","1"
"453","5"
"454","1"
"454","2"
"454","3"
"454","7"
"2234","1"
"456","1"
"456","2"
"456","3"
"457","1"
"458","1"
"458","3"
"458","5"
"458","6"
"460","1"
"460","3"
"461","1"
"461","3"
"462","3"
"463","1"
"464","1"
"465","2"
"465","7"
"466","2"
"466","5"
"466","7"
"467","1"
"468","1"
"470","1"
"470","3"
"470","5"
"470","6"
"471","1"
"472","1"
"473","2"
"473","7"
"474","1"
"474","5"
"475","1"
"476","1"
"477","1"
"479","1"
"479","3"
"3450","6"
"481","1"
"481","2"
"481","3"
"481","7"
"483","1"
"484","1"
"485","1"
"486","1"
"486","2"
"486","3"
"486","7"
"3475","4"
"488","1"
"3000","1"
"490","1"
"492","1"
"492","2"
"492","4"
"492","5"
"493","3"
"494","1"
"495","1"
"2927","1"
"498","1"
"498","3"
"499","1"
"500","1"
"500","2"
"500","3"
"500","7"
"501","1"
"501","3"
"502","1"
"503","4"
"504","1"
"505","1"
"505","5"
"2927","3"
"507","1"
"508","1"
"508","3"
"509","2"
"510","1"
"974","3"
"512","1"
"512","5"
"513","1"
"515","1"
"516","1"
"2900","1"
"549","3"
"519","1"
"520","1"
"520","5"
"521","7"
"2900","3"
"523","2"
"523","3"
"523","7"
"525","2"
"525","4"
"525","6"
"2925","1"
"2899","1"
"527","1"
"527","2"
"527","7"
"528","1"
"528","5"
"529","1"
"530","1"
"550","1"
"550","5"
"550","6"
"2899","8"
"2899","3"
"552","1"
"2899","5"
"532","1"
"533","1"
"533","5"
"534","1"
"534","3"
"535","1"
"535","4"
"536","1"
"536","5"
"536","6"
"537","1"
"537","5"
"538","1"
"538","3"
"539","1"
"539","2"
"539","3"
"540","1"
"540","5"
"2899","6"
"542","1"
"543","5"
"544","1"
"544","3"
"544","4"
"2918","6"
"547","1"
"552","3"
"548","1"
"548","2"
"548","4"
"548","5"
"548","6"
"681","1"
"681","2"
"574","1"
"574","2"
"574","3"
"574","4"
"553","1"
"554","1"
"555","1"
"556","1"
"2891","1"
"558","1"
"558","5"
"559","1"
"559","2"
"559","4"
"559","5"
"559","6"
"2973","1"
"561","2"
"2974","2"
"563","1"
"563","3"
"574","7"
"565","1"
"575","1"
"565","2"
"576","1"
"565","7"
"2970","1"
"1016","1"
"567","1"
"567","3"
"568","2"
"568","5"
"568","6"
"569","1"
"569","2"
"2917","1"
"2909","2"
"2497","1"
"2496","1"
"2909","7"
"2962","1"
"576","3"
"577","1"
"577","2"
"577","3"
"577","4"
"578","1"
"578","2"
"578","7"
"579","1"
"580","1"
"580","2"
"580","3"
"581","1"
"613","1"
"583","2"
"583","3"
"583","7"
"2657","1"
"2657","5"
"3000","2"
"585","2"
"586","1"
"586","3"
"587","1"
"588","1"
"589","1"
"591","6"
"630","1"
"1088","1"
"593","1"
"593","5"
"594","1"
"594","3"
"595","1"
"595","2"
"595","3"
"595","4"
"2651","1"
"2651","3"
"597","1"
"598","1"
"599","1"
"599","2"
"600","6"
"617","1"
"618","1"
"630","5"
"620","1"
"633","2"
"3470","1"
"3000","7"
"2788","1"
"2789","1"
"2651","5"
"603","2"
"603","3"
"700","1"
"605","1"
"606","1"
"607","1"
"608","1"
"608","3"
"609","1"
"610","2"
"610","7"
"2519","3"
"1079","1"
"960","1"
"960","5"
"960","6"
"612","1"
"612","3"
"612","4"
"612","5"
"612","6"
"1570","5"
"631","1"
"625","1"
"625","3"
"635","1"
"635","3"
"2958","1"
"2958","8"
"3243","1"
"642","1"
"644","6"
"646","1"
"646","2"
"648","1"
"650","1"
"107","1"
"1407","1"
"654","1"
"656","1"
"658","3"
"683","1"
"662","1"
"522","1"
"3243","7"
"813","1"
"666","2"
"2997","1"
"2963","1"
"670","1"
"674","1"
"674","2"
"674","7"
"676","1"
"678","1"
"685","1"
"685","2"
"685","4"
"685","7"
"774","1"
"3244","1"
"3471","1"
"2462","1"
"2462","5"
"776","1"
"689","1"
"689","3"
"691","1"
"693","1"
"693","2"
"693","3"
"693","7"
"158","1"
"158","3"
"2975","1"
"747","1"
"747","5"
"750","5"
"750","6"
"819","1"
"817","1"
"780","1"
"782","1"
"753","1"
"755","1"
"755","2"
"755","3"
"757","1"
"757","6"
"759","1"
"761","1"
"765","1"
"767","1"
"767","5"
"769","1"
"158","5"
"1372","1"
"2975","3"
"2823","1"
"817","2"
"817","3"
"791","1"
"791","2"
"791","3"
"791","7"
"793","1"
"817","4"
"822","1"
"3511","3"
"2352","1"
"2352","2"
"1372","5"
"825","1"
"806","1"
"806","5"
"808","5"
"2496","3"
"771","1"
"827","1"
"827","2"
"2558","1"
"2308","1"
"831","1"
"3112","3"
"1700","1"
"1700","3"
"837","1"
"840","3"
"841","1"
"843","3"
"849","1"
"847","6"
"845","1"
"851","1"
"853","1"
"855","1"
"855","2"
"855","5"
"857","1"
"1024","2"
"1024","3"
"1412","1"
"861","1"
"861","3"
"2967","1"
"2967","3"
"867","1"
"867","3"
"869","1"
"869","3"
"2155","1"
"2155","2"
"2308","3"
"2120","1"
"886","1"
"886","2"
"887","3"
"2558","2"
"875","1"
"875","2"
"875","5"
"875","6"
"890","1"
"891","1"
"914","1"
"877","1"
"877","2"
"877","3"
"878","1"
"2971","1"
"880","1"
"880","3"
"881","1"
"2960","1"
"940","1"
"3514","1"
"885","1"
"885","3"
"893","1"
"893","3"
"895","1"
"896","2"
"897","1"
"3112","9"
"897","2"
"942","1"
"899","1"
"899","3"
"946","1"
"3122","9"
"902","1"
"902","3"
"903","1"
"903","4"
"946","2"
"904","1"
"906","5"
"907","2"
"908","1"
"909","1"
"680","1"
"623","1"
"623","3"
"682","1"
"684","1"
"632","3"
"632","4"
"632","7"
"810","1"
"810","3"
"3336","1"
"3108","1"
"3126","1"
"639","1"
"3443","1"
"3447","1"
"3447","3"
"639","5"
"1709","7"
"643","1"
"643","2"
"643","3"
"643","4"
"643","7"
"684","3"
"649","1"
"649","3"
"651","1"
"653","1"
"653","3"
"684","4"
"657","1"
"660","1"
"661","1"
"1897","1"
"2445","1"
"669","1"
"671","1"
"671","3"
"672","1"
"673","2"
"2445","2"
"2445","3"
"2473","1"
"2445","7"
"677","1"
"677","5"
"679","1"
"679","6"
"2723","1"
"2723","2"
"2723","3"
"2724","1"
"688","1"
"690","1"
"690","2"
"690","3"
"690","7"
"692","1"
"692","2"
"692","5"
"692","6"
"901","1"
"3356","1"
"1126","1"
"699","1"
"699","4"
"701","1"
"701","3"
"788","1"
"748","3"
"752","1"
"894","1"
"756","1"
"758","1"
"773","1"
"3354","1"
"3355","1"
"763","1"
"2700","2"
"2700","3"
"2724","6"
"766","1"
"768","1"
"768","5"
"770","2"
"772","1"
"773","2"
"773","3"
"773","5"
"1897","3"
"1897","4"
"1573","1"
"779","1"
"1611","1"
"2120","2"
"2120","5"
"785","1"
"1611","8"
"1611","3"
"788","2"
"788","7"
"790","1"
"790","3"
"792","1"
"794","3"
"1611","5"
"1611","6"
"798","1"
"1549","1"
"1540","1"
"1549","3"
"801","1"
"803","1"
"803","2"
"803","7"
"804","1"
"804","2"
"804","4"
"804","5"
"804","6"
"3456","1"
"2099","4"
"3456","9"
"1091","1"
"810","4"
"810","7"
"812","1"
"820","1"
"2473","3"
"2473","5"
"846","1"
"3459","2"
"3459","5"
"828","1"
"828","3"
"830","1"
"848","1"
"850","1"
"834","1"
"1238","1"
"3317","1"
"838","1"
"838","3"
"852","1"
"842","1"
"854","1"
"854","2"
"854","3"
"854","7"
"856","1"
"856","3"
"858","1"
"858","3"
"860","3"
"862","1"
"862","3"
"864","1"
"864","3"
"3062","1"
"870","1"
"870","2"
"870","3"
"870","5"
"870","7"
"872","1"
"872","2"
"872","3"
"873","1"
"873","2"
"873","5"
"873","6"
"1091","3"
"909","5"
"909","6"
"910","1"
"910","3"
"911","1"
"912","1"
"913","1"
"915","1"
"917","2"
"917","4"
"917","7"
"918","1"
"918","4"
"918","6"
"920","3"
"920","7"
"3062","2"
"3062","5"
"3459","6"
"3468","1"
"3468","3"
"3464","1"
"3465","1"
"3062","6"
"923","3"
"2200","1"
"1830","7"
"926","1"
"3062","7"
"3064","1"
"928","1"
"929","5"
"113","1"
"413","1"
"931","1"
"1479","1"
"933","1"
"778","1"
"935","1"
"936","1"
"778","3"
"934","1"
"943","1"
"966","1"
"946","5"
"947","3"
"1379","1"
"966","2"
"1461","1"
"951","1"
"951","2"
"951","7"
"952","1"
"953","1"
"955","1"
"1461","3"
"1461","5"
"957","1"
"957","3"
"2352","3"
"3021","9"
"959","1"
"1461","6"
"863","1"
"863","3"
"961","1"
"961","5"
"962","1"
"962","5"
"962","6"
"963","1"
"964","5"
"965","2"
"965","3"
"966","7"
"1042","1"
"1042","6"
"967","1"
"967","3"
"969","1"
"439","1"
"439","4"
"439","5"
"439","6"
"754","7"
"807","1"
"807","3"
"3027","1"
"973","1"
"2720","5"
"3016","1"
"977","1"
"977","3"
"978","1"
"978","3"
"979","1"
"980","1"
"981","1"
"981","5"
"983","3"
"984","1"
"988","1"
"988","3"
"987","1"
"989","2"
"989","3"
"990","1"
"991","1"
"992","1"
"993","4"
"2748","1"
"3071","1"
"2200","4"
"3071","6"
"3046","1"
"998","1"
"999","1"
"1000","1"
"3046","8"
"3046","3"
"1003","1"
"1004","1"
"1005","1"
"1005","2"
"1005","7"
"1040","1"
"1040","3"
"1008","1"
"1008","3"
"1008","5"
"1041","3"
"1043","1"
"1010","1"
"1010","3"
"3091","1"
"3050","1"
"1011","1"
"1011","2"
"1012","1"
"1012","3"
"1013","1"
"2258","1"
"1017","2"
"1017","7"
"1018","1"
"1018","3"
"1018","5"
"1020","1"
"1022","3"
"2864","1"
"2864","8"
"3078","1"
"3078","3"
"1025","1"
"1026","1"
"1026","4"
"1027","1"
"1027","2"
"3050","2"
"43","1"
"1029","1"
"1031","1"
"1031","3"
"1031","4"
"3086","1"
"1033","1"
"3086","8"
"1035","1"
"1036","1"
"1037","7"
"1046","1"
"1047","1"
"1047","2"
"1047","3"
"1047","7"
"1048","1"
"1048","3"
"3070","5"
"1050","1"
"1051","1"
"1051","2"
"1051","3"
"1052","1"
"1052","5"
"1053","1"
"1053","3"
"1053","5"
"1054","1"
"1055","2"
"1056","1"
"1056","2"
"1056","4"
"1056","6"
"1057","3"
"1057","4"
"1058","1"
"1058","4"
"3070","6"
"1060","1"
"1060","3"
"1061","1"
"1062","1"
"1062","3"
"43","5"
"884","1"
"1064","1"
"1066","1"
"1067","1"
"1067","3"
"1068","1"
"1074","1"
"1071","1"
"1071","4"
"1072","1"
"1073","1"
"1074","2"
"1074","3"
"1074","7"
"1075","1"
"1077","1"
"1078","1"
"1078","2"
"1078","7"
"208","1"
"1080","1"
"1080","2"
"1081","1"
"1082","1"
"1082","2"
"1082","3"
"1082","7"
"2773","1"
"2773","2"
"332","1"
"2773","3"
"1084","1"
"1084","2"
"1084","3"
"1084","7"
"2773","7"
"3043","1"
"1086","6"
"1087","1"
"1087","3"
"1523","1"
"1969","1"
"1090","1"
"1090","2"
"1090","5"
"1090","7"
"1092","1"
"3043","9"
"1094","1"
"1095","1"
"1095","3"
"3092","1"
"3092","3"
"1234","1"
"1234","5"
"1234","6"
"1098","1"
"3032","1"
"1969","2"
"1981","1"
"1981","2"
"1101","1"
"1102","1"
"1102","3"
"1103","1"
"1104","1"
"2258","2"
"815","1"
"1107","1"
"1107","3"
"1107","5"
"1108","1"
"1109","1"
"3032","3"
"1162","1"
"1261","1"
"1112","1"
"1113","1"
"1114","1"
"1694","1"
"1114","2"
"1114","7"
"3058","1"
"1164","1"
"1694","3"
"3069","1"
"3055","1"
"478","1"
"1001","6"
"1261","3"
"1230","2"
"1230","4"
"1230","7"
"3065","1"
"1165","1"
"1122","1"
"1124","1"
"1125","1"
"1125","5"
"3065","3"
"1127","1"
"1127","2"
"1127","3"
"1127","7"
"1128","1"
"1129","1"
"1166","1"
"1166","3"
"1129","5"
"1131","1"
"3067","1"
"1500","1"
"1375","1"
"3067","8"
"1135","1"
"1501","1"
"3067","3"
"1501","4"
"2718","1"
"1139","2"
"1140","1"
"1141","1"
"1141","3"
"1389","6"
"1142","1"
"1143","1"
"1524","1"
"1145","1"
"1145","5"
"2977","8"
"1147","2"
"1148","1"
"1529","1"
"1150","5"
"1151","1"
"1254","1"
"1215","1"
"1154","3"
"1155","5"
"3317","3"
"1168","1"
"1158","5"
"1159","1"
"1160","1"
"1160","3"
"1161","7"
"2448","6"
"3312","1"
"1171","1"
"1172","5"
"2594","1"
"3309","1"
"3256","2"
"1175","1"
"1176","1"
"1177","1"
"1177","3"
"1178","1"
"1178","7"
"1197","3"
"1198","1"
"1198","2"
"1180","1"
"1181","1"
"1181","3"
"1182","1"
"1183","1"
"1183","3"
"2977","3"
"1185","1"
"1186","1"
"1188","1"
"1254","3"
"1190","3"
"1191","1"
"1193","1"
"1193","3"
"1194","1"
"1194","3"
"1195","1"
"1198","5"
"1198","6"
"2692","1"
"1200","1"
"1468","1"
"1491","1"
"1202","1"
"1202","2"
"1202","6"
"1202","7"
"1203","1"
"1203","5"
"2437","1"
"1207","1"
"1491","3"
"2437","3"
"2697","1"
"1211","1"
"1211","3"
"1213","1"
"1491","5"
"2697","2"
"1216","1"
"1216","2"
"1216","3"
"1216","7"
"2697","3"
"2697","7"
"2982","3"
"2982","9"
"2984","1"
"2984","4"
"2984","6"
"1233","1"
"1233","2"
"1170","1"
"1367","1"
"2986","1"
"2986","3"
"1575","1"
"1222","1"
"1222","5"
"2807","1"
"1400","1"
"1308","1"
"1308","3"
"1350","1"
"1474","1"
"1225","1"
"1225","3"
"1226","1"
"1521","1"
"1521","3"
"1231","1"
"1403","1"
"1286","1"
"1324","1"
"2988","1"
"2988","3"
"2979","1"
"1241","7"
"1253","1"
"1253","5"
"1291","1"
"1156","1"
"1528","1"
"1361","1"
"1361","5"
"1575","3"
"1250","1"
"1250","2"
"1250","3"
"1256","1"
"1252","1"
"1575","4"
"2978","1"
"2978","5"
"2978","6"
"1199","1"
"2991","1"
"1221","1"
"1174","1"
"1174","3"
"1364","1"
"1546","1"
"1546","3"
"2993","1"
"2993","3"
"1580","1"
"1580","3"
"1583","1"
"1364","5"
"1530","1"
"1263","1"
"1263","4"
"1263","5"
"1263","6"
"1391","1"
"1153","1"
"1153","3"
"1358","1"
"1358","3"
"2987","1"
"1249","3"
"1284","1"
"1330","1"
"1406","1"
"2989","1"
"3256","7"
"3265","1"
"1406","2"
"3265","8"
"1406","5"
"1406","7"
"1563","1"
"1277","1"
"1571","1"
"1571","3"
"1565","1"
"1535","1"
"1455","1"
"1572","1"
"1568","1"
"1554","1"
"1554","3"
"1534","1"
"1534","3"
"1287","7"
"1288","1"
"1288","2"
"1288","3"
"1562","1"
"1290","1"
"1290","7"
"1553","5"
"1585","1"
"1538","1"
"1499","2"
"1499","7"
"1507","1"
"1538","3"
"1525","1"
"1525","5"
"1622","1"
"1354","1"
"1354","2"
"1762","1"
"1762","2"
"2751","1"
"1782","1"
"1354","7"
"1238","3"
"2886","1"
"1227","1"
"1539","1"
"1227","2"
"1301","1"
"1301","2"
"1227","7"
"2886","3"
"1465","1"
"1304","2"
"1465","4"
"1484","1"
"1484","2"
"1484","3"
"1539","2"
"1539","5"
"20661","8"
"3524","1"
"6599","1"
"6599","8"
"6606","1"
"6606","3"
"6591","1"
"6593","1"
"3527","1"
"19650","6"
"39688","1"
"47695","1"
"50697","1"
"30682","1"
"39688","2"
"28679","1"
"28679","3"
"37689","1"
"36688","1"
"39688","5"
"39688","7"
"28682","2"
"28682","7"
"33681","1"
"36685","9"
"32681","1"
"27679","2"
"26679","3"
"28681","1"
"28681","2"
"40688","1"
"40688","3"
"27679","5"
"27679","7"
"33682","1"
"33682","5"
"33687","1"
"33687","8"
"38689","1"
"38689","5"
"30681","3"
"33684","1"
"35689","3"
"28680","1"
"36689","1"
"36689","2"
"36689","8"
"36689","3"
"36689","4"
"36689","7"
"36687","1"
"36687","2"
"35685","1"
"35685","3"
"29681","2"
"33685","1"
"33685","5"
"33685","6"
"29681","7"
"34685","3"
"40689","1"
"35688","1"
"36686","1"
"36686","8"
"40690","1"
"40690","2"
"40690","3"
"40690","7"
"31681","1"
"31681","3"
"38688","1"
"38688","8"
"38688","3"
"33683","8"
"33683","5"
"40693","1"
"40693","4"
"47693","3"
"47693","5"
"47695","8"
"47695","3"
"50695","1"
"51700","1"
"50699","1"
"50696","1"
"50696","2"
"50696","7"
"50699","8"
"50699","5"
"50697","4"
"51699","1"
"47692","3"
"49696","1"
"49696","2"
"49696","4"
"49696","7"
"49695","1"
"50700","6"
"50697","5"
"52699","1"
"50698","1"
"50698","3"
"50697","6"
"50699","6"
"53708","3"
"53707","1"
"57731","1"
"335","2"
"53705","1"
"53711","1"
"53709","1"
"53710","1"
"53706","1"
"53707","5"
"335","3"
"335","7"
"55716","1"
"56728","5"
"57735","1"
"55718","1"
"55721","1"
"54716","1"
"55725","1"
"55728","3"
"57732","1"
"53718","1"
"56730","3"
"57731","3"
"57735","3"
"55720","1"
"56729","3"
"56728","9"
"57733","3"
"55719","1"
"53713","1"
"53718","3"
"56732","1"
"53713","2"
"53713","4"
"53713","7"
"53715","1"
"53715","3"
"55727","1"
"55727","8"
"55715","1"
"55723","9"
"55717","1"
"55717","2"
"55717","3"
"55717","7"
"54714","1"
"54714","3"
"57732","2"
"57732","3"
"57732","4"
"55719","3"
"55722","3"
"56727","1"
"57733","6"
"58735","1"
"59739","1"
"59739","3"
"59735","1"
"59735","5"
"57734","1"
"57734","3"
"57734","7"
"58735","3"
"59751","2"
"59741","1"
"60751","2"
"60751","6"
"59742","1"
"60751","7"
"59748","8"
"59748","5"
"59740","8"
"59740","4"
"59746","1"
"59746","5"
"59746","9"
"59741","5"
"59743","1"
"59743","4"
"59743","5"
"59743","6"
"59751","4"
"59751","7"
"61755","1"
"61754","1"
"61756","1"
"68773","1"
"60754","1"
"68773","3"
"68772","1"
"68772","3"
"66773","1"
"66773","2"
"66773","3"
"66772","1"
"70775","1"
"62765","1"
"62765","3"
"70774","1"
"70774","3"
"71777","1"
"74777","1"
"66773","4"
"65772","2"
"64768","1"
"64768","5"
"69774","1"
"69774","3"
"64770","1"
"64770","4"
"64771","2"
"64771","3"
"64771","4"
"70773","9"
"62767","1"
"64773","1"
"62759","5"
"63769","1"
"63769","3"
"62766","8"
"90840","1"
"65772","5"
"65772","6"
"65772","7"
"62767","5"
"62767","6"
"64774","1"
"63768","1"
"63768","3"
"90841","1"
"71776","1"
"73777","1"
"70777","1"
"71775","1"
"71775","3"
"72777","1"
"70776","1"
"71776","3"
"85810","1"
"90829","1"
"85812","1"
"90824","1"
"74779","8"
"74779","6"
"6602","1"
"3525","1"
"3536","1"
"3533","1"
"3557","1"
"3539","1"
"3539","3"
"3554","1"
"3554","8"
"3554","5"
"3554","6"
"3559","1"
"3529","8"
"3529","3"
"3528","8"
"3528","3"
"3566","1"
"3566","3"
"3563","1"
"3558","2"
"3558","3"
"3562","1"
"3534","1"
"3534","3"
"3560","1"
"3560","5"
"3560","6"
"3531","6"
"3522","9"
"3523","1"
"3523","3"
"3546","1"
"3546","3"
"3532","1"
"3532","3"
"3542","1"
"3542","2"
"3542","3"
"3537","1"
"6602","3"
"6602","4"
"6594","1"
"6597","1"
"6597","2"
"6597","8"
"6595","1"
"6595","8"
"6597","3"
"6597","4"
"6589","2"
"6589","7"
"6590","1"
"6590","8"
"6604","1"
"6604","8"
"6595","3"
"6595","9"
"6600","1"
"6596","6"
"6601","1"
"6598","1"
"6598","3"
"6603","5"
"6607","1"
"6592","1"
"6592","5"
"6592","6"
"64769","1"
"56731","1"
"62759","1"
"76785","6"
"76783","6"
"74778","9"
"77791","1"
"77791","3"
"77792","1"
"77792","8"
"83809","7"
"83809","9"
"90828","1"
"83812","3"
"83808","1"
"83808","3"
"85811","1"
"83810","1"
"83811","5"
"87812","1"
"89821","2"
"88821","1"
"88817","1"
"80796","1"
"77797","1"
"77797","3"
"77793","1"
"77793","8"
"77789","1"
"77789","3"
"77788","1"
"77788","3"
"88817","3"
"86810","3"
"88815","5"
"87813","9"
"87815","1"
"87810","1"
"42691","8"
"42691","3"
"87810","8"
"88816","1"
"88816","3"
"88820","1"
"88820","3"
"87810","4"
"87814","1"
"87814","4"
"89821","4"
"88819","5"
"88819","6"
"87815","4"
"88818","1"
"88818","3"
"90823","1"
"90823","3"
"90828","8"
"90822","6"
"90821","1"
"90821","2"
"90821","3"
"90821","7"
"90828","3"
"90825","1"
"90827","1"
"90827","6"
"90826","1"
"90826","8"
"90843","8"
"90843","3"
"90844","6"
"90848","8"
"90848","5"
"3553","1"
"3553","2"
"3553","3"
"3553","4"
"3561","1"
"3561","3"
"3564","1"
"3543","1"
"3543","5"
"3489","1"
"3552","2"
"3555","1"
"3526","9"
"3521","3"
"3521","7"
"3556","1"
"3556","4"
"53703","1"
"90848","1"
"6609","1"
"3540","1"
"3540","3"
"3540","4"
"3544","8"
"3544","3"
"3541","1"
"3541","3"
"6608","8"
"6608","3"
"6612","1"
"6612","3"
"6611","1"
"15649","1"
"15649","6"
"6588","1"
"3363","1"
"3363","2"
"3363","5"
"3370","1"
"9625","1"
"3370","3"
"3370","6"
"3363","7"
"3375","1"
"3375","2"
"3174","1"
"9624","1"
"8618","1"
"8618","2"
"8618","8"
"8618","3"
"8618","4"
"8618","7"
"1822","1"
"3166","1"
"3166","8"
"3166","3"
"3374","1"
"1438","1"
"7616","1"
"3181","1"
"3368","1"
"3368","8"
"3368","3"
"9619","1"
"7615","1"
"7615","3"
"7617","9"
"9627","1"
"9627","2"
"9627","8"
"7611","1"
"7611","5"
"7611","6"
"9623","9"
"8619","1"
"3173","3"
"9621","1"
"9621","3"
"9626","1"
"9626","8"
"9626","3"
"9618","1"
"54715","1"
"53714","6"
"3392","1"
"3392","4"
"3392","5"
"3386","1"
"3396","1"
"3396","2"
"3396","4"
"3396","7"
"3379","1"
"3384","1"
"3384","2"
"3384","7"
"2990","9"
"55714","2"
"23668","1"
"23668","6"
"22663","1"
"22663","8"
"22663","5"
"55714","7"
"53712","1"
"23664","8"
"23667","1"
"53712","2"
"53712","7"
"55726","1"
"55726","2"
"55726","3"
"55726","7"
"55724","1"
"55724","3"
"53716","1"
"78794","1"
"80794","1"
"59738","1"
"59749","1"
"59749","8"
"59737","1"
"59737","7"
"59749","3"
"59750","1"
"59747","2"
"59744","2"
"59744","4"
"59744","7"
"59736","2"
"59736","3"
"59745","2"
"59745","7"
"62764","3"
"62762","1"
"69773","1"
"69773","3"
"62758","1"
"62768","1"
"62768","8"
"62768","3"
"67772","1"
"67772","3"
"65773","1"
"62760","1"
"62760","8"
"62760","3"
"62760","7"
"62757","1"
"62761","1"
"62756","4"
"62763","1"
"62763","3"
"80795","1"
"80795","8"
"80795","5"
"80795","6"
"79794","1"
"79794","3"
"79794","5"
"79794","6"
"77796","9"
"83806","1"
"83806","2"
"83806","8"
"83806","3"
"83806","4"
"83806","7"
"81805","3"
"77795","1"
"77795","5"
"80797","9"
"77790","1"
"77790","3"
"77794","9"
"80798","1"
"80798","3"
"82806","1"
"80803","1"
"80802","1"
"80802","3"
"81807","1"
"80799","1"
"80804","1"
"83807","1"
"83807","3"
"81806","1"
"81806","8"
"81806","3"
"80800","1"
"80805","1"
"80806","1"
"80801","1"
"90845","1"
"90845","3"
"62755","9"
"74782","1"
"76786","1"
"76786","3"
"75781","1"
"74781","9"
"74780","1"
"90832","1"
"87811","1"
"90836","1"
"90836","7"
"90834","1"
"90831","1"
"90835","1"
"90835","8"
"90835","3"
"90838","1"
"90838","3"
"90833","1"
"90833","3"
"90839","1"
"90839","2"
"90839","3"
"90839","7"
"90839","9"
"90837","8"
"90837","7"
"90830","5"
"90830","6"
"90842","1"
"90842","3"
"1484","4"
"1484","5"
"1311","1"
"1311","3"
"1311","5"
"1311","6"
"1484","6"
"1313","1"
"1484","7"
"1782","2"
"3068","1"
"1463","1"
"1283","1"
"3068","2"
"3068","3"
"3068","5"
"1399","1"
"1551","2"
"1551","3"
"2807","5"
"2828","1"
"2831","8"
"2831","3"
"3068","6"
"2831","4"
"1599","1"
"1599","2"
"1599","3"
"1599","7"
"1593","1"
"1593","3"
"1399","3"
"1597","3"
"1590","5"
"1334","1"
"1334","2"
"3068","7"
"3012","1"
"3029","3"
"686","1"
"1339","1"
"1339","3"
"1339","7"
"1578","6"
"1564","1"
"1630","1"
"686","2"
"1492","1"
"1505","1"
"686","5"
"1481","3"
"1537","1"
"1536","1"
"1536","3"
"1536","5"
"686","6"
"1349","2"
"2749","1"
"1577","1"
"1566","1"
"1393","1"
"1393","5"
"1560","1"
"686","7"
"1393","6"
"1560","3"
"3038","1"
"3038","5"
"3066","2"
"1567","1"
"3066","3"
"3081","1"
"3317","4"
"1558","1"
"3072","1"
"696","6"
"3077","2"
"1467","1"
"1628","1"
"1628","5"
"1628","6"
"1366","2"
"1627","1"
"1300","1"
"1627","5"
"1640","2"
"1640","3"
"1687","4"
"1388","1"
"1496","1"
"1294","1"
"1409","1"
"1646","1"
"1326","1"
"760","6"
"1646","4"
"1645","1"
"1257","1"
"1645","3"
"1381","1"
"1381","2"
"1381","3"
"1381","7"
"1321","1"
"1321","5"
"1383","1"
"1383","2"
"1383","3"
"1383","7"
"941","1"
"1513","1"
"1513","5"
"941","5"
"1644","1"
"1644","3"
"1643","1"
"2217","1"
"1259","1"
"1259","5"
"1439","1"
"2217","3"
"1501","5"
"1501","6"
"1331","1"
"1782","5"
"3045","1"
"1809","1"
"1809","2"
"1685","1"
"1696","1"
"1689","1"
"1397","1"
"1397","2"
"1397","3"
"1689","5"
"1698","1"
"1698","3"
"1809","5"
"1809","7"
"2377","1"
"1352","1"
"1352","3"
"1401","1"
"1401","2"
"1401","7"
"1460","1"
"2018","1"
"3045","8"
"3045","5"
"1423","1"
"1444","1"
"1444","3"
"1244","1"
"1414","2"
"1414","7"
"1441","1"
"1262","1"
"1262","3"
"1245","1"
"1245","5"
"1380","1"
"1476","1"
"1476","3"
"1387","1"
"1387","3"
"1336","1"
"1348","1"
"1348","3"
"1247","1"
"1810","1"
"1810","4"
"1812","1"
"1519","1"
"1519","4"
"1422","1"
"1422","2"
"1422","5"
"1422","6"
"1248","6"
"1526","2"
"1417","1"
"1269","1"
"1386","1"
"1325","1"
"1512","1"
"1427","1"
"1427","2"
"1427","3"
"1428","1"
"1428","3"
"1405","1"
"1442","1"
"1531","1"
"1625","3"
"1116","3"
"2626","1"
"1442","3"
"1436","1"
"2626","5"
"2985","1"
"1447","1"
"1653","1"
"1384","1"
"1342","1"
"1548","1"
"1548","2"
"1548","4"
"1548","7"
"2679","1"
"2981","1"
"2981","3"
"1609","1"
"1609","3"
"1445","2"
"1445","4"
"1445","6"
"1608","1"
"1268","1"
"1653","2"
"1448","1"
"1448","3"
"1448","4"
"1653","5"
"1647","1"
"1647","5"
"1268","3"
"1647","7"
"1653","6"
"1454","2"
"1454","4"
"1295","1"
"2565","1"
"2565","5"
"1270","1"
"1240","1"
"1433","1"
"3465","2"
"1340","1"
"1426","1"
"2565","6"
"3465","5"
"3465","6"
"2707","1"
"1663","1"
"1663","2"
"1663","7"
"3148","1"
"1655","1"
"1658","1"
"1507","5"
"1355","1"
"1665","1"
"1659","1"
"1469","1"
"1469","2"
"1469","7"
"1426","3"
"1456","6"
"1425","1"
"1425","5"
"2572","1"
"1473","1"
"1473","2"
"1473","7"
"1652","1"
"1475","6"
"1475","7"
"1657","1"
"1668","1"
"1660","1"
"2572","2"
"1425","6"
"1307","1"
"3059","1"
"1666","1"
"1649","1"
"3059","3"
"3039","1"
"1661","1"
"1654","1"
"1664","1"
"3144","2"
"3144","3"
"3144","7"
"1486","1"
"1486","2"
"1486","3"
"1486","7"
"3493","1"
"3493","3"
"3360","3"
"3155","1"
"1619","1"
"1619","8"
"1619","3"
"762","1"
"3503","1"
"3153","1"
"762","3"
"1360","1"
"1265","1"
"3361","1"
"1338","1"
"2626","6"
"1338","3"
"1450","1"
"1133","1"
"1133","2"
"1133","7"
"1450","5"
"1434","5"
"749","1"
"1214","1"
"1471","1"
"1471","3"
"1431","6"
"1510","1"
"1382","1"
"1382","3"
"1470","1"
"1264","1"
"1264","3"
"1495","1"
"1495","5"
"1495","6"
"1446","1"
"1446","3"
"1306","1"
"1306","3"
"1235","1"
"1404","1"
"1411","1"
"1411","2"
"1411","3"
"1411","7"
"1320","1"
"1480","1"
"1318","1"
"1318","2"
"1318","4"
"1376","1"
"1374","1"
"1429","1"
"1429","5"
"1498","1"
"1305","1"
"1494","1"
"1494","5"
"1363","1"
"1503","1"
"1289","1"
"1273","1"
"1370","1"
"1370","5"
"1483","1"
"1453","1"
"1453","5"
"1236","1"
"1228","1"
"1506","5"
"1267","1"
"1402","1"
"1342","3"
"1208","1"
"1464","1"
"1464","3"
"1255","1"
"1515","1"
"1329","1"
"1329","5"
"1275","1"
"1327","1"
"1365","1"
"1353","6"
"1410","1"
"1410","3"
"1276","1"
"1276","3"
"1302","1"
"1302","3"
"1280","1"
"1280","3"
"1395","1"
"1395","3"
"1394","1"
"1504","1"
"1243","1"
"1344","1"
"22","1"
"22","2"
"1242","1"
"1430","1"
"1430","3"
"1415","1"
"1258","1"
"1416","1"
"1377","1"
"3325","1"
"1223","1"
"1223","3"
"1223","5"
"1223","6"
"1282","1"
"1516","1"
"1487","1"
"1487","3"
"1271","1"
"1356","1"
"1316","1"
"1285","1"
"1285","3"
"1303","1"
"1251","1"
"1511","1"
"1511","3"
"1511","5"
"1418","1"
"1201","1"
"1201","5"
"1149","1"
"1378","1"
"3007","3"
"1347","1"
"1347","3"
"1322","1"
"1312","1"
"1224","1"
"1224","3"
"1346","1"
"3013","1"
"1144","1"
"1152","1"
"3013","3"
"22","3"
"1296","3"
"1482","1"
"1089","1"
"1310","3"
"1490","1"
"3154","1"
"1369","6"
"1432","1"
"1432","3"
"1520","1"
"1520","2"
"1520","3"
"1520","7"
"971","1"
"3156","1"
"1522","1"
"1522","2"
"1522","7"
"3147","1"
"1532","1"
"22","4"
"3234","1"
"3234","8"
"971","3"
"1601","1"
"1602","1"
"3234","3"
"2316","1"
"1626","1"
"1561","1"
"1561","2"
"1561","5"
"1561","6"
"1561","7"
"1556","1"
"1541","1"
"1541","3"
"3158","2"
"1592","1"
"1598","1"
"1600","1"
"1595","1"
"2184","1"
"1591","1"
"1602","3"
"1604","5"
"1582","1"
"1582","5"
"3158","3"
"3145","1"
"1617","1"
"1613","1"
"1614","3"
"3145","3"
"1626","3"
"1605","1"
"1606","1"
"2921","1"
"1607","1"
"1607","5"
"1616","3"
"1617","5"
"1617","6"
"3444","3"
"2264","1"
"2769","1"
"1620","3"
"2757","1"
"2757","3"
"1582","6"
"1633","1"
"1633","4"
"1636","1"
"1636","2"
"1684","1"
"1629","1"
"1629","2"
"1629","5"
"1629","7"
"3177","1"
"1631","1"
"1631","4"
"1639","1"
"1639","3"
"1059","1"
"1638","1"
"1638","6"
"2067","1"
"1635","1"
"1679","1"
"2184","2"
"835","1"
"835","3"
"1672","1"
"1672","3"
"2067","2"
"2067","3"
"1669","1"
"1669","3"
"1670","1"
"1670","3"
"1671","1"
"1674","1"
"1674","3"
"1673","1"
"1675","1"
"1675","3"
"1678","1"
"1678","3"
"1682","1"
"1680","1"
"1677","1"
"1677","3"
"1676","1"
"1686","1"
"1686","2"
"1686","3"
"1686","7"
"2067","7"
"1697","2"
"1697","7"
"1699","1"
"1690","1"
"1693","1"
"2928","1"
"2930","1"
"1702","1"
"1702","2"
"1702","7"
"1518","1"
"1518","3"
"1518","7"
"1705","7"
"1752","1"
"1753","1"
"1753","3"
"2921","3"
"3245","1"
"3245","9"
"2317","1"
"2930","6"
"2931","1"
"3442","1"
"1711","1"
"1711","5"
"1711","6"
"1708","1"
"2932","1"
"1704","1"
"1701","1"
"1701","5"
"1712","1"
"1712","5"
"2932","8"
"2932","3"
"1723","2"
"1754","1"
"1754","6"
"1754","7"
"1838","1"
"1770","1"
"1748","1"
"1770","2"
"1770","4"
"1750","1"
"1747","1"
"1589","1"
"1747","3"
"2950","1"
"1731","1"
"1731","3"
"1731","7"
"2950","2"
"1770","7"
"1758","1"
"1758","2"
"1758","3"
"1758","5"
"1758","6"
"1758","7"
"1812","2"
"2950","7"
"1774","1"
"2959","1"
"2966","1"
"2966","8"
"1774","4"
"1763","1"
"1738","1"
"1738","3"
"1730","1"
"1730","3"
"2966","5"
"2650","3"
"1763","2"
"1728","1"
"1728","3"
"3442","2"
"1737","1"
"1737","3"
"1729","1"
"1724","1"
"1724","3"
"1741","1"
"3442","7"
"3335","1"
"1743","1"
"1734","1"
"1734","3"
"1733","1"
"1714","1"
"1714","3"
"1714","5"
"1763","5"
"1725","1"
"1739","1"
"3438","9"
"2673","1"
"1763","6"
"3335","3"
"2834","2"
"1719","1"
"1763","7"
"1808","1"
"1807","6"
"2834","3"
"3100","1"
"1610","1"
"1780","1"
"1759","1"
"1765","1"
"1765","5"
"1765","6"
"1757","1"
"1757","3"
"1755","1"
"1761","1"
"1761","3"
"1760","1"
"1744","1"
"1783","1"
"3309","2"
"1779","1"
"1784","1"
"1775","1"
"1769","1"
"1769","6"
"1777","3"
"1778","1"
"1771","1"
"1767","1"
"1767","3"
"2276","1"
"3309","3"
"1776","1"
"1776","3"
"3309","7"
"1806","1"
"1804","1"
"1812","4"
"1838","6"
"1834","1"
"3323","1"
"3321","1"
"2711","1"
"3102","8"
"3102","3"
"1866","1"
"1824","1"
"1826","1"
"1811","1"
"1813","1"
"1789","1"
"1789","3"
"1789","5"
"3415","1"
"3503","3"
"3097","1"
"1792","1"
"1791","1"
"1791","3"
"1798","1"
"1795","1"
"1790","1"
"1801","1"
"1801","3"
"1786","1"
"1786","3"
"1787","1"
"1803","1"
"1797","1"
"1793","1"
"1788","1"
"1794","1"
"1796","1"
"1816","1"
"1814","1"
"1815","1"
"1819","1"
"1819","2"
"1819","3"
"1819","7"
"1866","2"
"1825","1"
"1825","5"
"1820","6"
"3096","1"
"1821","1"
"3116","1"
"1829","1"
"1829","5"
"1823","3"
"1827","1"
"1843","1"
"1843","4"
"1866","3"
"1866","7"
"3116","3"
"1893","1"
"1893","3"
"2383","1"
"3499","1"
"1886","1"
"1886","3"
"3321","3"
"1887","1"
"1875","1"
"1550","1"
"616","3"
"1875","2"
"1887","3"
"3437","1"
"3186","1"
"3437","5"
"1100","1"
"1100","2"
"1853","1"
"2994","9"
"1842","1"
"2995","1"
"2995","8"
"1854","1"
"1854","3"
"1845","1"
"2995","3"
"2996","3"
"1837","1"
"3499","3"
"1844","1"
"3265","3"
"1841","1"
"3272","1"
"1850","1"
"1855","1"
"1855","5"
"1840","1"
"1846","1"
"1846","3"
"3272","8"
"1857","1"
"1858","1"
"1858","2"
"1858","3"
"1859","1"
"1859","2"
"1859","5"
"1859","6"
"1859","7"
"2427","1"
"2427","2"
"1890","1"
"3437","6"
"2561","1"
"1889","1"
"1875","7"
"1876","1"
"1876","2"
"1876","7"
"1877","1"
"1877","2"
"1877","7"
"1878","1"
"1878","2"
"1878","7"
"2023","1"
"1965","1"
"1967","1"
"3502","1"
"1896","1"
"1896","3"
"1874","1"
"1874","3"
"1963","1"
"1865","1"
"1865","5"
"1865","6"
"1882","1"
"2242","2"
"2258","3"
"2258","4"
"1867","1"
"1871","1"
"1884","1"
"1880","1"
"1880","3"
"3441","1"
"1872","1"
"2023","2"
"2023","3"
"1870","1"
"1870","3"
"3454","1"
"3454","8"
"1964","1"
"1964","5"
"1973","1"
"1885","1"
"1973","2"
"1973","5"
"1973","6"
"2071","1"
"3454","3"
"3186","5"
"1907","1"
"1907","2"
"3460","1"
"3472","1"
"3472","8"
"1970","1"
"1970","3"
"2502","1"
"1974","1"
"975","1"
"975","3"
"1906","1"
"1903","1"
"1903","3"
"1894","1"
"1894","3"
"1900","1"
"1902","6"
"1908","1"
"1908","3"
"1912","1"
"1910","1"
"1909","1"
"2502","4"
"1989","1"
"1989","3"
"2003","1"
"2071","7"
"1913","1"
"1901","1"
"1007","1"
"1977","1"
"1977","4"
"1007","3"
"3472","5"
"2122","1"
"415","1"
"702","1"
"702","2"
"702","3"
"1941","2"
"1941","6"
"2076","1"
"2076","2"
"1948","1"
"2076","4"
"2076","5"
"1239","1"
"1239","2"
"1948","2"
"1948","3"
"1746","1"
"1746","5"
"1746","7"
"1960","1"
"1915","1"
"1961","1"
"1961","3"
"1918","1"
"1952","1"
"1952","3"
"1945","1"
"1919","1"
"1956","1"
"1946","1"
"1946","3"
"1959","1"
"1958","1"
"1931","3"
"1962","1"
"1951","1"
"1951","3"
"1923","1"
"1923","5"
"1923","6"
"1955","1"
"1955","3"
"1936","1"
"1936","3"
"1947","1"
"1947","3"
"1949","1"
"1949","6"
"3502","3"
"3507","1"
"1953","1"
"1937","1"
"1928","1"
"1917","1"
"1957","1"
"1921","1"
"1921","5"
"1921","6"
"1926","1"
"1933","1"
"1916","1"
"1920","1"
"1920","3"
"1950","1"
"1950","3"
"1934","1"
"1927","1"
"1935","1"
"1935","3"
"1939","1"
"1939","3"
"2069","1"
"2069","2"
"2047","1"
"2047","2"
"2029","1"
"1982","1"
"1982","3"
"2021","1"
"3472","6"
"79","2"
"79","3"
"1995","1"
"1995","3"
"2029","2"
"1998","1"
"1998","2"
"1998","3"
"1998","7"
"2047","3"
"2000","1"
"2000","4"
"2069","3"
"2069","7"
"3488","1"
"3484","1"
"995","1"
"2029","3"
"3484","5"
"2020","1"
"1990","1"
"2017","1"
"1997","1"
"1136","8"
"3487","1"
"2029","7"
"2047","7"
"2866","1"
"2011","1"
"2011","2"
"2155","3"
"2050","1"
"2050","7"
"1979","1"
"2016","1"
"2016","2"
"3015","1"
"1136","5"
"2851","1"
"2851","3"
"1996","1"
"3003","1"
"3003","3"
"2008","1"
"2008","5"
"1994","3"
"2851","4"
"1136","6"
"2015","5"
"3246","9"
"2787","1"
"2002","1"
"2005","1"
"1993","1"
"1993","3"
"2009","1"
"2009","3"
"3272","3"
"3253","1"
"3253","5"
"2866","8"
"2443","1"
"809","1"
"809","6"
"2089","1"
"2089","2"
"2089","3"
"2155","7"
"2091","1"
"2091","2"
"2091","3"
"2092","1"
"2039","1"
"2038","1"
"2030","1"
"2036","1"
"2036","3"
"2027","1"
"2027","3"
"3010","1"
"2034","1"
"2034","3"
"3020","1"
"2032","1"
"2024","1"
"3001","1"
"2025","1"
"2035","1"
"2022","1"
"3001","2"
"2019","1"
"3001","3"
"2012","1"
"1984","1"
"1999","1"
"1987","1"
"2731","1"
"2033","1"
"2092","2"
"2081","1"
"2081","2"
"2082","4"
"2092","3"
"2092","4"
"2092","7"
"2156","1"
"2083","1"
"2064","1"
"2064","2"
"2064","3"
"2084","1"
"2084","5"
"3019","1"
"3019","8"
"3019","3"
"3019","5"
"2058","1"
"2046","1"
"2046","3"
"2045","1"
"2866","5"
"2049","1"
"2057","1"
"2048","1"
"2048","3"
"2059","1"
"2059","3"
"2042","1"
"2042","3"
"2043","1"
"2053","1"
"2060","3"
"2062","1"
"2062","3"
"2063","1"
"2063","3"
"3339","1"
"2061","1"
"2061","5"
"2054","1"
"2054","5"
"2054","6"
"2191","2"
"871","1"
"2787","3"
"3109","1"
"2074","1"
"2072","1"
"2073","1"
"2073","3"
"2078","1"
"2983","1"
"1836","1"
"1836","3"
"3109","5"
"2075","1"
"3109","6"
"3105","1"
"3105","6"
"871","2"
"871","3"
"2088","1"
"2088","3"
"2094","1"
"2087","1"
"2087","3"
"871","7"
"2156","4"
"2191","7"
"3457","1"
"3457","2"
"3106","2"
"2104","2"
"2104","7"
"3106","3"
"3106","4"
"3106","7"
"3118","9"
"3114","1"
"3098","1"
"2834","7"
"2097","1"
"2102","1"
"2112","1"
"2112","3"
"2093","1"
"2095","1"
"2106","1"
"2106","3"
"2113","1"
"2113","3"
"2107","1"
"2110","1"
"2110","5"
"2110","6"
"1239","5"
"2103","3"
"2090","1"
"783","1"
"783","3"
"783","7"
"2187","1"
"1239","6"
"1239","7"
"2949","1"
"2140","1"
"2140","2"
"2137","1"
"2142","1"
"2142","2"
"2143","1"
"2143","7"
"3457","7"
"3476","2"
"2949","3"
"3473","1"
"2125","1"
"2114","1"
"2115","1"
"2115","3"
"2119","1"
"2119","3"
"2116","1"
"2116","5"
"2116","6"
"3473","3"
"3436","1"
"2117","1"
"2121","1"
"2126","1"
"2118","1"
"2128","1"
"2137","3"
"1873","1"
"2943","1"
"2157","1"
"2159","1"
"2148","2"
"2148","3"
"2149","2"
"2149","3"
"2182","1"
"2141","1"
"2134","1"
"2134","3"
"2133","1"
"2136","1"
"3436","8"
"2145","3"
"2938","1"
"3451","1"
"2129","1"
"2130","1"
"2135","1"
"2135","3"
"2146","1"
"2138","1"
"2951","2"
"2151","2"
"2152","1"
"2152","2"
"2152","3"
"2152","7"
"2174","1"
"2174","5"
"2951","3"
"2185","1"
"2169","1"
"2175","1"
"2178","1"
"1873","3"
"2236","1"
"3445","1"
"3409","1"
"3273","1"
"3273","4"
"2171","1"
"2171","2"
"2171","3"
"2217","4"
"2236","2"
"925","6"
"2173","1"
"2173","3"
"2173","7"
"3455","6"
"2164","1"
"2164","5"
"2188","3"
"2194","1"
"2192","1"
"2178","3"
"2190","1"
"3255","1"
"2168","1"
"2415","4"
"3255","8"
"2160","1"
"2160","3"
"2199","1"
"2199","2"
"2166","3"
"2177","1"
"3255","3"
"2163","5"
"2167","1"
"2167","3"
"2181","1"
"2179","3"
"2161","1"
"2189","1"
"2944","1"
"2944","8"
"2158","3"
"3270","1"
"2184","3"
"2184","4"
"2189","3"
"2199","3"
"2199","4"
"2200","5"
"3115","1"
"3115","3"
"2639","1"
"2639","2"
"2236","7"
"1873","4"
"2803","1"
"2211","3"
"2196","1"
"2196","3"
"2947","1"
"2202","1"
"2947","3"
"2201","1"
"2205","1"
"2205","6"
"2203","1"
"2203","3"
"2203","6"
"2954","1"
"2954","5"
"2212","1"
"2954","6"
"3270","3"
"3267","1"
"2213","2"
"2213","5"
"2213","6"
"2220","1"
"2220","2"
"2220","3"
"2220","7"
"1873","5"
"1873","6"
"2243","2"
"3320","1"
"2948","1"
"2239","1"
"2232","1"
"2238","1"
"2235","1"
"2948","8"
"2233","1"
"2948","5"
"2948","6"
"2942","9"
"2271","2"
"2246","7"
"2222","1"
"2222","3"
"2223","1"
"2223","5"
"2227","1"
"2227","3"
"2226","1"
"2216","1"
"2228","1"
"2219","1"
"2225","1"
"2225","3"
"2231","1"
"2230","1"
"2215","1"
"2276","4"
"2416","2"
"2269","1"
"2269","3"
"2254","1"
"2254","3"
"2254","7"
"3150","1"
"2277","2"
"2277","3"
"2266","1"
"2266","2"
"2256","1"
"2256","3"
"2252","6"
"3150","2"
"2255","1"
"2255","3"
"2248","1"
"2248","3"
"2248","5"
"2244","1"
"2229","1"
"2229","2"
"2247","1"
"2251","1"
"2229","5"
"3150","3"
"2229","6"
"2266","3"
"2274","1"
"2229","7"
"2259","1"
"2267","1"
"2261","1"
"2261","3"
"2265","5"
"2265","6"
"2262","5"
"2262","6"
"2263","5"
"2263","6"
"2277","7"
"2287","1"
"2274","4"
"3025","1"
"2272","1"
"2272","5"
"2268","1"
"3094","1"
"2287","2"
"2282","1"
"2282","2"
"2282","7"
"2283","1"
"2283","2"
"2283","3"
"2283","7"
"2284","1"
"2284","3"
"2284","4"
"3094","5"
"2286","2"
"2286","7"
"2287","5"
"2287","6"
"2281","1"
"2279","1"
"3094","6"
"2288","1"
"2285","1"
"2314","5"
"2347","1"
"2303","1"
"2303","2"
"2303","4"
"2303","5"
"3150","7"
"3440","1"
"2347","3"
"3440","8"
"2348","1"
"3466","1"
"2331","1"
"2331","2"
"2303","6"
"2332","2"
"2280","1"
"2292","1"
"2292","5"
"2289","1"
"2289","3"
"3098","4"
"3098","5"
"2299","5"
"3469","1"
"2294","1"
"2291","1"
"3469","3"
"2332","7"
"829","1"
"829","3"
"2305","1"
"2305","2"
"2305","4"
"2305","5"
"2305","6"
"3463","1"
"2345","1"
"663","1"
"663","3"
"1272","1"
"1272","2"
"3151","1"
"3463","3"
"3439","1"
"1272","7"
"2314","7"
"2338","1"
"3439","3"
"2312","1"
"2312","3"
"2866","6"
"2309","1"
"2309","5"
"2866","9"
"2310","1"
"2315","1"
"2338","4"
"275","1"
"275","3"
"3480","1"
"3479","1"
"2319","1"
"2318","1"
"2323","1"
"2323","3"
"2320","1"
"2311","1"
"3479","3"
"3486","1"
"3486","3"
"3485","1"
"2307","1"
"2304","1"
"2304","5"
"2321","1"
"3485","2"
"2388","1"
"2362","1"
"2362","2"
"2388","4"
"2342","1"
"2342","4"
"3485","4"
"2337","1"
"2344","1"
"3485","7"
"2336","1"
"2340","1"
"2340","3"
"2334","1"
"2334","3"
"2330","3"
"304","1"
"304","3"
"2333","1"
"2335","1"
"2335","3"
"2326","1"
"2326","3"
"2328","3"
"2325","1"
"2325","5"
"2325","6"
"2329","1"
"2327","1"
"2327","5"
"2327","6"
"2355","1"
"2355","3"
"2356","1"
"2357","1"
"2362","5"
"2363","1"
"2406","1"
"2406","7"
"2803","3"
"2429","1"
"2429","8"
"2429","3"
"3377","1"
"3171","1"
"2374","1"
"2374","2"
"2374","5"
"2374","6"
"3171","3"
"1766","1"
"1766","5"
"1766","6"
"2374","7"
"2398","1"
"2392","3"
"2385","1"
"2386","1"
"2386","5"
"2387","1"
"2387","5"
"2393","1"
"2390","1"
"2380","1"
"2391","1"
"2389","1"
"2398","7"
"2412","1"
"3157","1"
"2412","3"
"2436","1"
"2402","1"
"6587","1"
"17649","1"
"2371","1"
"2378","1"
"2378","3"
"2372","1"
"2372","3"
"2360","1"
"2364","1"
"17649","2"
"2379","1"
"2379","5"
"2379","6"
"2375","3"
"2376","1"
"2376","3"
"2361","1"
"2361","6"
"21662","1"
"2366","1"
"2370","1"
"2370","5"
"2368","1"
"2368","3"
"2381","1"
"2381","3"
"3494","1"
"2402","3"
"3087","1"
"2404","1"
"3088","2"
"3088","7"
"3076","1"
"2354","1"
"2407","1"
"2405","1"
"2400","1"
"2458","2"
"2458","3"
"2460","2"
"2421","1"
"2421","3"
"2421","7"
"570","1"
"2423","1"
"2423","2"
"2423","3"
"570","2"
"2425","1"
"2425","3"
"2425","7"
"570","5"
"2427","7"
"2491","1"
"2417","1"
"2422","3"
"3151","3"
"2418","1"
"2418","3"
"2426","1"
"2424","1"
"2410","1"
"2414","1"
"2414","5"
"570","6"
"570","7"
"2460","4"
"3507","8"
"2874","1"
"2428","1"
"2431","1"
"2431","3"
"1624","1"
"1624","5"
"2430","1"
"2430","3"
"2434","1"
"2434","3"
"2341","1"
"3169","5"
"1634","1"
"3373","1"
"2460","7"
"3373","3"
"2124","1"
"2483","1"
"2483","2"
"259","1"
"2451","1"
"2451","3"
"2451","4"
"2491","2"
"3512","1"
"3520","1"
"3515","1"
"3515","5"
"3518","1"
"3509","1"
"259","3"
"2491","3"
"2139","1"
"2493","1"
"2494","1"
"2490","1"
"3373","4"
"2450","1"
"2450","6"
"3372","1"
"3411","1"
"1736","1"
"2442","1"
"2438","1"
"2452","1"
"2452","5"
"3376","1"
"2447","1"
"2447","3"
"2456","1"
"2455","1"
"2455","3"
"1371","1"
"2441","5"
"2444","1"
"2484","3"
"1371","3"
"3167","1"
"2481","1"
"2481","5"
"2472","2"
"2472","3"
"2041","1"
"2041","8"
"3378","2"
"2488","1"
"2488","3"
"2487","1"
"2505","1"
"2505","3"
"2491","7"
"2464","1"
"2476","1"
"2468","1"
"2471","1"
"2471","3"
"2477","1"
"2475","1"
"2475","6"
"2461","1"
"2461","3"
"2467","1"
"2467","3"
"2469","1"
"2469","3"
"2459","1"
"2474","1"
"2470","1"
"2466","1"
"2466","3"
"2490","5"
"2490","6"
"2495","1"
"2501","1"
"2500","1"
"2503","1"
"2503","2"
"2503","3"
"2503","7"
"1488","1"
"1488","8"
"1488","3"
"2557","1"
"2557","3"
"1002","1"
"2551","1"
"1357","1"
"2551","2"
"833","1"
"833","3"
"694","1"
"1357","2"
"1357","3"
"3306","1"
"3306","3"
"3300","1"
"1357","7"
"2552","1"
"2520","2"
"2935","1"
"2513","1"
"2935","3"
"2509","1"
"2507","1"
"2516","1"
"2511","1"
"2511","5"
"2555","1"
"2555","3"
"2510","1"
"2510","3"
"2514","1"
"2514","3"
"2517","1"
"2517","3"
"2515","6"
"2521","1"
"2504","1"
"2512","1"
"1581","1"
"2524","7"
"2539","1"
"2539","2"
"2539","7"
"2556","1"
"2556","5"
"2549","1"
"2542","1"
"2542","2"
"2542","3"
"2542","4"
"2550","3"
"2547","1"
"3300","2"
"2572","3"
"2546","1"
"2544","1"
"2544","3"
"2543","1"
"2533","1"
"2533","6"
"2719","1"
"2526","3"
"2535","6"
"2719","5"
"2719","6"
"2531","1"
"2531","3"
"3180","2"
"2540","1"
"2529","1"
"2530","1"
"2527","1"
"2527","3"
"2537","1"
"2537","3"
"2730","1"
"2730","4"
"2569","2"
"2569","3"
"2572","4"
"2572","7"
"694","3"
"2595","1"
"3180","7"
"694","5"
"2600","1"
"3182","2"
"3182","7"
"2612","1"
"268","1"
"268","5"
"268","6"
"2577","2"
"3517","1"
"3517","3"
"3517","4"
"3510","1"
"3497","1"
"3497","3"
"3496","1"
"3496","3"
"53","1"
"1315","1"
"1637","1"
"746","1"
"746","5"
"571","1"
"2528","1"
"2584","1"
"2584","2"
"2584","7"
"2583","1"
"2612","3"
"571","3"
"2575","1"
"2567","1"
"2582","1"
"2582","3"
"2570","1"
"2568","1"
"2574","1"
"2574","3"
"2579","1"
"2573","1"
"2573","6"
"2581","1"
"2580","1"
"2528","5"
"2586","1"
"2591","1"
"2591","3"
"3183","1"
"2587","1"
"2587","3"
"2585","1"
"2589","1"
"3371","1"
"3179","1"
"3300","3"
"3297","1"
"2592","1"
"2598","1"
"3297","5"
"3297","6"
"2593","1"
"3075","6"
"3308","1"
"3308","5"
"2656","1"
"2605","3"
"2656","2"
"3304","1"
"3495","1"
"3492","3"
"3505","1"
"3305","1"
"3305","5"
"3305","6"
"2207","2"
"2207","3"
"3505","5"
"3500","1"
"2614","1"
"2608","1"
"2608","5"
"2618","1"
"2618","3"
"2613","1"
"2607","1"
"2610","6"
"2615","1"
"2683","1"
"2683","3"
"2656","3"
"2683","4"
"2631","1"
"2631","2"
"2631","4"
"2681","2"
"2713","1"
"2713","3"
"802","1"
"629","1"
"836","1"
"836","3"
"695","1"
"695","3"
"31","1"
"31","3"
"950","1"
"938","1"
"334","1"
"2630","1"
"3500","3"
"3506","1"
"3506","3"
"3506","4"
"2628","1"
"2619","1"
"2619","3"
"2633","1"
"2616","1"
"2616","3"
"2624","5"
"2624","6"
"602","1"
"602","2"
"602","5"
"602","6"
"602","7"
"2634","1"
"2632","1"
"2622","1"
"2622","3"
"2622","5"
"2623","1"
"2627","1"
"2627","5"
"2627","6"
"3491","3"
"3516","1"
"3501","1"
"2661","7"
"3399","1"
"3501","3"
"3057","1"
"3057","2"
"3057","5"
"3057","7"
"2653","1"
"2653","5"
"3504","1"
"341","8"
"3161","1"
"3504","8"
"3163","1"
"3277","1"
"3263","1"
"2643","1"
"2643","3"
"2646","1"
"3263","6"
"3274","1"
"2642","3"
"2649","1"
"2649","5"
"3274","5"
"2635","1"
"2635","3"
"2652","3"
"3504","5"
"3504","6"
"3482","1"
"2105","1"
"3482","3"
"2726","2"
"2726","7"
"2485","1"
"2672","1"
"2672","2"
"2672","3"
"2672","7"
"2485","5"
"2674","1"
"2674","2"
"2674","7"
"2485","6"
"2687","1"
"2687","3"
"2695","1"
"1888","1"
"1888","2"
"1888","3"
"1888","7"
"3191","1"
"2662","2"
"2662","7"
"2675","1"
"3190","1"
"3190","3"
"2665","1"
"2670","1"
"2678","1"
"2676","1"
"2676","5"
"2671","1"
"2666","1"
"2666","5"
"341","3"
"3192","2"
"3192","8"
"3192","3"
"2659","1"
"3535","9"
"3188","1"
"2101","1"
"2101","8"
"2693","1"
"2721","1"
"2694","1"
"2101","3"
"2721","3"
"2685","1"
"2685","3"
"2684","1"
"2689","1"
"2689","3"
"2690","1"
"2688","1"
"2688","3"
"3199","1"
"2696","1"
"3199","3"
"3201","1"
"2711","4"
"2711","5"
"2711","6"
"2722","1"
"2725","1"
"2725","5"
"3200","2"
"3200","8"
"2709","1"
"2709","3"
"3399","3"
"3397","1"
"2714","1"
"2699","1"
"2699","5"
"2712","1"
"2708","1"
"2710","1"
"2703","1"
"2698","1"
"3278","1"
"2732","1"
"3279","1"
"3279","2"
"3279","3"
"3279","7"
"2728","1"
"2728","3"
"2727","1"
"2756","2"
"2740","1"
"2740","2"
"2740","5"
"2740","6"
"3276","1"
"3276","3"
"3052","1"
"2750","1"
"2756","3"
"2794","1"
"2794","2"
"3052","8"
"3052","9"
"2736","1"
"2743","1"
"2742","1"
"2742","5"
"2794","3"
"2794","7"
"2796","2"
"3049","1"
"3049","8"
"3049","3"
"2746","5"
"2746","6"
"2745","3"
"2737","1"
"2744","1"
"3056","2"
"3280","1"
"3280","8"
"2761","1"
"2761","2"
"3280","5"
"3281","2"
"2761","7"
"2762","1"
"2762","2"
"2762","7"
"2770","2"
"2770","5"
"2765","1"
"2765","2"
"2765","3"
"2770","6"
"2755","1"
"2754","1"
"2754","3"
"2611","2"
"2753","1"
"2753","5"
"2611","7"
"3185","1"
"2766","1"
"3185","3"
"2760","1"
"2955","1"
"2857","1"
"3184","1"
"2763","1"
"2795","1"
"2768","1"
"2795","2"
"2777","1"
"2777","2"
"2777","3"
"2777","7"
"2778","1"
"2778","2"
"2778","4"
"2778","7"
"2795","4"
"2957","2"
"2781","7"
"2797","1"
"2195","2"
"2790","1"
"2195","4"
"2775","1"
"3063","1"
"2625","1"
"3230","1"
"3230","8"
"3107","1"
"2774","1"
"2774","5"
"3133","1"
"3140","8"
"2779","1"
"2780","1"
"2780","3"
"3128","1"
"3137","1"
"3127","1"
"2782","1"
"2783","1"
"2772","1"
"2784","1"
"3127","8"
"3127","3"
"2798","1"
"2957","3"
"257","1"
"3107","3"
"2525","1"
"2957","7"
"2956","1"
"3134","8"
"3134","3"
"3281","7"
"3005","2"
"3005","3"
"3275","8"
"2525","8"
"3036","1"
"3048","1"
"3048","2"
"3048","8"
"3048","3"
"3048","7"
"3030","1"
"3030","5"
"3037","1"
"3037","2"
"3037","3"
"3037","7"
"3054","1"
"3054","3"
"958","1"
"3305","7"
"3298","1"
"3298","5"
"3044","9"
"3299","1"
"3307","1"
"3303","1"
"3041","1"
"3041","4"
"3042","9"
"3033","5"
"3053","1"
"3028","5"
"3026","1"
"3035","1"
"3141","1"
"3141","5"
"3142","2"
"3139","1"
"3139","8"
"3129","9"
"3184","5"
"3184","9"
"3303","8"
"3303","9"
"3301","1"
"2937","1"
"2937","2"
"2937","3"
"3301","3"
"3082","9"
"2609","1"
"1396","1"
"1396","8"
"3315","2"
"2026","1"
"916","1"
"1279","1"
"3172","1"
"614","1"
"1742","1"
"1039","1"
"1039","5"
"1237","1"
"3022","1"
"1279","5"
"3237","3"
"2999","1"
"2999","3"
"2999","9"
"3239","1"
"3239","8"
"3239","3"
"3236","1"
"3236","3"
"3235","1"
"3235","3"
"3229","9"
"3022","2"
"3022","4"
"3022","5"
"3238","1"
"3238","5"
"3238","6"
"3232","1"
"3232","2"
"3232","8"
"3232","3"
"3232","4"
"3231","1"
"3231","5"
"3231","6"
"3022","6"
"3233","1"
"3233","8"
"3031","8"
"3031","3"
"3315","3"
"3322","1"
"3322","5"
"215","1"
"215","5"
"437","3"
"322","1"
"2952","9"
"2858","1"
"207","1"
"667","1"
"667","5"
"355","1"
"2240","1"
"1038","1"
"866","1"
"49","1"
"49","3"
"1118","1"
"1118","3"
"101","1"
"800","5"
"2408","1"
"2408","8"
"2111","1"
"2111","3"
"17","3"
"255","1"
"255","3"
"235","1"
"36","1"
"352","1"
"352","5"
"352","6"
"1707","1"
"2867","1"
"781","1"
"997","1"
"506","1"
"514","1"
"970","1"
"970","5"
"88","1"
"130","1"
"455","1"
"652","1"
"652","3"
"956","1"
"956","5"
"295","1"
"377","1"
"377","3"
"596","1"
"596","3"
"541","1"
"54","1"
"54","9"
"20","1"
"20","3"
"1106","1"
"1343","1"
"1343","3"
"624","1"
"611","1"
"611","5"
"1930","2"
"1930","4"
"796","1"
"796","3"
"2275","1"
"2275","5"
"2275","6"
"84","3"
"818","3"
"1028","1"
"1028","3"
"844","1"
"432","1"
"432","5"
"223","1"
"378","1"
"306","1"
"306","3"
"1332","1"
"1123","1"
"566","1"
"566","5"
"1019","1"
"1019","3"
"1976","1"
"2301","3"
"1848","1"
"1848","3"
"2875","3"
"2403","3"
"1992","1"
"1335","1"
"2853","1"
"2808","1"
"2808","3"
"2209","1"
"1681","1"
"3168","1"
"2564","1"
"3355","5"
"2343","1"
"2245","1"
"2245","2"
"2245","3"
"2162","1"
"1891","1"
"3430","1"
"1485","1"
"2486","1"
"3178","1"
"3164","1"
"1587","1"
"1587","5"
"1922","1"
"3164","2"
"3164","3"
"2810","1"
"2858","3"
"3164","7"
"1852","1"
"1852","2"
"1852","3"
"1852","7"
"1449","1"
"2453","1"
"2852","1"
"2409","1"
"2715","1"
"3352","1"
"2006","1"
"2065","5"
"1785","1"
"1032","1"
"1032","3"
"2715","2"
"2150","1"
"3352","8"
"3352","3"
"1938","1"
"1938","2"
"2183","1"
"2435","1"
"3348","1"
"3358","1"
"3358","3"
"3350","1"
"3152","1"
"1420","1"
"2879","1"
"2879","3"
"517","1"
"517","3"
"2806","9"
"3322","6"
"3322","7"
"2792","1"
"3152","8"
"1212","1"
"2571","1"
"954","1"
"2848","1"
"1612","1"
"1612","3"
"2862","1"
"2862","8"
"2862","3"
"3152","3"
"3152","4"
"2873","3"
"2813","1"
"2813","8"
"2813","3"
"1533","1"
"3343","1"
"2844","1"
"2844","8"
"2715","3"
"2844","3"
"2844","4"
"665","1"
"665","3"
"1452","1"
"1452","3"
"777","1"
"2871","1"
"2411","1"
"2411","8"
"2131","1"
"1898","1"
"1898","2"
"1898","7"
"2313","1"
"204","1"
"2322","2"
"2322","7"
"445","2"
"445","7"
"1466","1"
"1466","2"
"2508","1"
"2508","8"
"560","1"
"560","8"
"2210","1"
"2210","8"
"2210","3"
"318","1"
"1110","1"
"2359","1"
"2359","3"
"2833","1"
"2833","5"
"2833","6"
"2399","1"
"2877","1"
"2877","3"
"1864","1"
"784","1"
"784","3"
"1642","1"
"496","1"
"496","3"
"1117","1"
"1117","3"
"296","1"
"296","2"
"296","3"
"296","7"
"2007","1"
"2532","8"
"2532","3"
"592","1"
"1083","1"
"1083","3"
"2367","1"
"2367","9"
"2815","9"
"2597","1"
"2597","2"
"2597","3"
"2597","7"
"2590","1"
"2590","8"
"2590","3"
"2590","5"
"2590","6"
"2856","1"
"348","1"
"3178","3"
"3187","8"
"3187","5"
"1097","1"
"1097","8"
"1097","9"
"1641","1"
"2109","1"
"2109","5"
"2109","6"
"3187","6"
"3178","5"
"3369","1"
"2037","1"
"2868","9"
"1596","1"
"1596","2"
"1596","3"
"1596","7"
"2346","1"
"2872","1"
"2872","2"
"2872","8"
"2872","3"
"2872","4"
"1309","1"
"2096","1"
"2096","3"
"1713","1"
"1905","1"
"1905","3"
"2010","1"
"2010","2"
"2010","3"
"2010","5"
"2004","8"
"2004","9"
"1543","1"
"1621","1"
"1621","5"
"1621","6"
"1594","1"
"1594","5"
"584","1"
"584","8"
"314","1"
"2893","1"
"2893","2"
"636","3"
"288","1"
"2884","1"
"2884","3"
"2850","1"
"2850","8"
"2850","3"
"1860","1"
"73","9"
"2812","9"
"2197","1"
"1451","1"
"2206","1"
"2193","1"
"2440","1"
"2440","3"
"1146","1"
"1146","8"
"1146","3"
"2893","8"
"2888","3"
"2846","2"
"2846","7"
"1975","1"
"584","3"
"2767","1"
"2302","1"
"1359","1"
"2457","1"
"2457","9"
"2936","1"
"2936","2"
"2936","3"
"2300","1"
"2300","2"
"2300","8"
"2300","5"
"2300","6"
"1929","9"
"1972","9"
"2086","1"
"1559","2"
"1559","7"
"2559","1"
"2559","5"
"2559","6"
"675","1"
"675","3"
"675","5"
"675","6"
"2349","1"
"2349","3"
"1862","1"
"1833","1"
"2478","1"
"2478","2"
"2478","8"
"2478","3"
"2478","5"
"2478","6"
"2478","7"
"879","1"
"2829","1"
"2829","9"
"2324","1"
"2324","3"
"459","1"
"1014","1"
"1014","8"
"1014","3"
"2055","1"
"2055","3"
"2835","1"
"2835","3"
"1695","1"
"1695","3"
"1978","1"
"1978","4"
"1260","1"
"1260","2"
"1260","3"
"1260","4"
"1260","7"
"2881","1"
"1691","1"
"2465","8"
"1986","1"
"3369","2"
"1099","3"
"2522","1"
"2522","3"
"248","9"
"2031","1"
"2031","2"
"2031","3"
"2031","7"
"2825","1"
"2837","1"
"2816","1"
"2818","1"
"2818","2"
"2818","5"
"2818","6"
"2818","7"
"2541","1"
"2541","3"
"2079","1"
"1328","1"
"1328","3"
"2051","1"
"2051","2"
"2051","3"
"2051","7"
"1189","1"
"2432","1"
"2432","3"
"1943","5"
"1943","6"
"2293","1"
"2293","9"
"1879","1"
"1879","3"
"668","1"
"668","8"
"668","3"
"1856","1"
"1169","3"
"2365","1"
"2237","1"
"1656","1"
"1656","8"
"1656","3"
"2804","1"
"562","1"
"2859","3"
"2936","7"
"1220","1"
"1293","1"
"2894","1"
"2785","1"
"826","1"
"826","3"
"2801","1"
"2170","1"
"2170","2"
"2170","5"
"2170","7"
"2536","1"
"2536","3"
"1421","1"
"2576","1"
"2433","1"
"2433","2"
"2433","3"
"2433","7"
"1883","1"
"1883","3"
"2817","1"
"531","1"
"2153","1"
"2499","1"
"3290","1"
"3286","8"
"3291","2"
"3291","8"
"2066","1"
"3291","3"
"2013","1"
"816","1"
"2861","1"
"1319","1"
"1319","2"
"1319","7"
"3291","7"
"3295","1"
"3292","1"
"3292","3"
"2882","1"
"3293","1"
"3282","1"
"3296","1"
"3283","1"
"1472","1"
"2214","1"
"1632","1"
"1971","1"
"2446","1"
"2446","2"
"2446","3"
"2840","1"
"2840","5"
"1768","1"
"2799","1"
"2841","1"
"2841","5"
"2841","6"
"3283","2"
"2576","2"
"2576","3"
"2576","5"
"3211","2"
"3211","4"
"3283","3"
"3289","1"
"3287","1"
"3285","1"
"3285","2"
"2827","1"
"2827","2"
"2827","5"
"3285","3"
"3294","1"
"3294","8"
"1740","2"
"1740","6"
"1740","7"
"3294","5"
"1727","1"
"1727","3"
"480","1"
"2100","1"
"3294","6"
"3288","1"
"3284","1"
"2821","1"
"2052","1"
"1618","1"
"1618","8"
"1618","3"
"1618","5"
"2849","8"
"2849","3"
"786","1"
"927","1"
"927","3"
"2108","1"
"1715","1"
"1715","8"
"1715","3"
"2449","1"
"1121","1"
"1121","5"
"1121","6"
"2826","1"
"2826","3"
"2132","1"
"2523","2"
"2523","5"
"2253","6"
"1069","1"
"2845","1"
"2845","2"
"2845","7"
"2172","1"
"2172","5"
"2172","6"
"2802","1"
"2876","1"
"3211","7"
"3302","1"
"2860","9"
"3208","1"
"2249","5"
"2518","1"
"2518","8"
"1615","1"
"2869","1"
"2869","2"
"2869","7"
"1749","1"
"1749","3"
"797","1"
"3170","1"
"982","1"
"1076","1"
"2870","9"
"1542","1"
"1542","3"
"3302","8"
"3302","3"
"2498","1"
"2824","1"
"2824","3"
"2843","1"
"2843","6"
"2912","1"
"2912","5"
"1314","1"
"2920","9"
"3196","1"
"3198","1"
"3210","9"
"3198","3"
"3006","1"
"2897","1"
"2889","1"
"2889","8"
"3204","1"
"2915","1"
"2890","9"
"2904","1"
"2922","1"
"2922","3"
"2908","1"
"2147","1"
"2911","1"
"1341","1"
"3195","1"
"3195","3"
"2906","5"
"2127","1"
"2127","3"
"78","9"
"2832","1"
"2896","1"
"2896","5"
"2896","6"
"2832","5"
"3402","1"
"3204","2"
"3204","3"
"3204","7"
"3203","1"
"3402","2"
"3402","3"
"3402","7"
"2738","2"
"2934","1"
"2934","3"
"3202","1"
"3202","2"
"3202","8"
"3202","4"
"3202","5"
"3202","6"
"3202","7"
"3206","1"
"3206","2"
"3206","3"
"3410","1"
"3401","1"
"3405","1"
"3212","2"
"3212","5"
"3212","7"
"3207","1"
"3207","3"
"3405","8"
"3220","1"
"3220","2"
"3220","3"
"3412","6"
"3404","1"
"3404","5"
"3404","6"
"3407","1"
"2738","3"
"3193","1"
"3193","5"
"3220","7"
"1517","1"
"1517","8"
"3213","1"
"3417","1"
"3431","1"
"3416","1"
"3416","2"
"3219","5"
"3219","9"
"3416","3"
"3427","1"
"3423","1"
"3423","8"
"3423","3"
"3214","1"
"3214","3"
"3227","9"
"3224","9"
"3215","1"
"3423","5"
"3223","3"
"3218","1"
"2941","1"
"2941","2"
"2941","4"
"2941","7"
"3221","2"
"3221","7"
"3414","1"
"3414","3"
"3421","1"
"2786","1"
"2786","2"
"2786","4"
"2786","5"
"2786","6"
"3262","1"
"3257","1"
"3257","5"
"3257","6"
"3254","1"
"3254","2"
"3254","8"
"3254","3"
"3254","7"
"3252","2"
"3252","3"
"3252","7"
"3011","1"
"3011","8"
"3011","5"
"3011","6"
"3271","1"
"3271","8"
"3271","3"
"3271","7"
"3249","1"
"3249","2"
"3249","8"
"3249","3"
"3248","1"
"3248","3"
"3259","1"
"3259","3"
"3261","1"
"3261","3"
"3268","1"
"3247","1"
"3247","5"
"3247","6"
"3266","1"
"3250","2"
"3250","3"
"3264","3"
"3264","9"
"3260","1"
"3269","1"
"3251","1"
"3251","3"
"3256","1"
"3339","3"
"1517","3"
"3338","1"
"3338","3"
"3337","1"
"3337","3"
"3332","1"
"3332","3"
"3327","1"
"3328","1"
"641","1"
"2641","1"
"2914","1"
"2929","1"
"2735","1"
"3324","1"
"3080","1"
"3314","1"
"3314","6"
"3319","1"
"3319","2"
"3316","9"
"3313","1"
"3318","1"
"3311","1"
"3311","5"
"3079","1"
"3310","1"
"3310","3"
"3310","4"
"3328","8"
"3329","1"
"3329","2"
"3329","5"
"3329","7"
"3333","1"
"3330","1"
"3330","3"
"3110","1"
"3119","1"
"3326","1"
"3369","3"
"3364","1"
"3344","1"
"3344","5"
"2805","1"
"3342","1"
"3342","3"
"3366","1"
"3143","1"
"3143","8"
"3143","3"
"3340","1"
"3340","8"
"3340","5"
"3340","6"
"3345","1"
"3345","3"
"2040","1"
"2902","1"
"1093","1"
"1093","5"
"489","1"
"2454","1"
"3433","1"
"3433","9"
"3034","1"
"3034","3"
"2940","1"
"2940","2"
"2940","8"
"2940","5"
"2940","7"
"2637","1"
"2637","2"
"2637","3"
"2854","1"
"2854","3"
"3343","3"
"3136","1"
"3359","1"
"3359","3"
"3346","3"
"3351","1"
"3351","3"
"3341","1"
"3341","3"
"3138","1"
"3349","3"
"3349","5"
"3347","1"
"3347","3"
"3353","1"
"3353","3"
"3130","1"
"994","1"
"3367","8"
"3367","3"
"3365","1"
"3365","8"
"3365","3"
"60752","1"
"994","5"
"994","6"
"60753","1"
"60753","8"
"64772","1"
"64772","4"
"63767","1"
"63767","3"
"77787","3"
"77786","1"
"77786","2"
"77786","8"
"77786","3"
"3357","1"
"3175","1"
"3175","5"
"3407","2"
"3407","3"
"3407","4"
"3194","1"
"3194","2"
"3194","3"
"3194","7"
"3387","3"
"3380","3"
"3385","1"
"3389","1"
"3389","8"
"3389","3"
"3388","6"
"3390","1"
"3393","1"
"3393","3"
"3394","9"
"3381","1"
"3381","2"
"3381","8"
"3381","7"
"3382","1"
"3382","2"
"3382","5"
"3382","6"
"3382","7"
"3391","9"
"3408","1"
"3022","7"
"3107","4"
"2800","1"
"2878","8"
"2620","1"
"1204","1"
"3017","1"
"3017","3"
"551","1"
"1800","1"
"1800","3"
"2734","1"
"2636","1"
"2636","5"
"2629","1"
"2629","2"
"3413","1"
"3413","8"
"3413","5"
"3422","1"
"3422","4"
"3422","5"
"3422","6"
"3425","3"
"3428","8"
"3428","4"
"3419","1"
"3419","8"
"3419","3"
"2945","1"
"2945","8"
"2945","4"
"2945","7"
"3426","1"
"3426","8"
"3426","5"
"3429","1"
"3429","9"
"3420","2"
"3420","3"
"3420","9"
"3418","3"
"3400","5"
"2629","3"
"3103","1"
"3103","5"
"948","1"
"2373","1"
"3176","1"
"3176","5"
"3176","6"
"3099","1"
"3099","3"
"3241","1"
"3241","3"
"2820","1"
"1096","1"
"1096","2"
"3222","9"
"3008","1"
"3008","5"
"3008","6"
"2660","1"
"2660","2"
"2602","1"
"1192","1"
"2123","1"
"2123","3"
"1021","1"
"3004","1"
"3004","2"
"3004","3"
"3004","4"
"2923","1"
"2923","3"
"3104","1"
"2351","1"
"2351","3"
"1835","1"
"1555","1"
"1555","8"
"1555","3"
"1555","4"
"3240","1"
"1205","1"
"1205","4"
"2953","1"
"944","3"
"2758","1"
"2758","3"
"2758","5"
"2548","1"
"2545","3"
"3165","1"
"3165","4"
"3165","5"
"3165","6"
"1831","9"
"638","1"
"638","3"
"2667","1"
"3162","1"
"3162","5"
"3216","1"
"1851","1"
"1851","3"
"1851","9"
"647","2"
"2701","1"
"2839","1"
"2776","1"
"3073","9"
"2562","1"
"2562","2"
"2562","3"
"2562","7"
"2290","1"
"2290","8"
"2290","3"
"3060","1"
"3060","9"
"2980","1"
"2980","2"
"2980","4"
"2480","1"
"2480","2"
"2480","4"
"2480","7"
"2480","9"
"3135","1"
"3135","8"
"3135","3"
"2702","1"
"2702","3"
"930","1"
"930","3"
"2972","1"
"2044","1"
"2044","2"
"2044","3"
"3074","1"
"2144","1"
"2838","1"
"2838","3"
"3014","1"
"2887","1"
"2887","3"
"1163","1"
"3197","1"
"3197","3"
"3197","6"
"3047","1"
"2706","5"
"2638","1"
"2638","4"
"2588","1"
"1828","1"
"3002","1"
"3002","3"
"1781","1"
"1781","3"
"2682","1"
"2682","3"
"865","1"
"2658","1"
"2658","3"
"2560","1"
"2560","2"
"2560","8"
"2560","3"
"2883","1"
"2883","3"
"2965","1"
"2965","3"
"2771","1"
"2771","5"
"2771","6"
"2752","1"
"2741","1"
"2741","3"
"2741","4"
"2489","1"
"2489","8"
"1940","1"
"2273","1"
"2885","9"
"2830","1"
"2830","3"
"3160","1"
"2895","1"
"2791","1"
"29","1"
"29","2"
"29","8"
"29","5"
"1187","1"
"3226","1"
"3226","3"
"1085","1"
"1085","3"
"1603","1"
"2298","1"
"2298","3"
"3051","1"
"3051","8"
"2154","1"
"1847","1"
"2250","1"
"3149","1"
"3149","3"
"3149","4"
"2863","2"
"2863","3"
"2863","7"
"2863","9"
"922","1"
"922","2"
"922","7"
"2739","3"
"2739","7"
"1586","1"
"2793","1"
"487","1"
"487","2"
"487","8"
"487","3"
"1980","1"
"1980","8"
"1980","3"
"3205","1"
"3205","8"
"3205","4"
"2655","1"
"2655","3"
"2880","1"
"1132","1"
"2382","1"
"2382","3"
"883","1"
"2865","1"
"2865","3"
"1544","1"
"1839","1"
"2648","2"
"2648","8"
"2648","4"
"2648","7"
"1863","1"
"1863","3"
"2647","1"
"2704","1"
"2704","2"
"2704","3"
"2339","1"
"2339","4"
"2339","5"
"1111","1"
"1111","8"
"1111","3"
"3024","1"
"3189","1"
"3189","2"
"3189","3"
"3189","7"
"2916","1"
"2964","3"
"3242","1"
"3242","2"
"3242","9"
"2919","1"
"1493","1"
"2241","1"
"2241","5"
"2998","1"
"2998","2"
"2998","3"
"1045","1"
"1045","3"
"2014","1"
"3432","1"
"2898","1"
"1717","1"
"1717","3"
"2764","1"
"3085","1"
"3085","8"
"3085","3"
"2617","1"
"2617","8"
"3018","1"
"3018","9"
"1443","1"
"1443","5"
"3434","1"
"2621","1"
"2621","5"
"2680","1"
"2664","1"
"211","1"
"211","2"
"211","3"
"211","9"
"3228","9"
"2836","1"
"2814","1"
"2814","3"
"2814","9"
"3159","1"
"3159","3"
"3159","5"
"3159","9"
"2855","1"
"2855","5"
"2068","1"
"2068","5"
"2654","1"
"2654","2"
"2654","8"
"2654","3"
"2946","1"
"2946","2"
"2946","5"
"2822","1"
"2822","2"
"2822","8"
"2822","3"
"1718","1"
"1718","5"
"2669","1"
"3146","6"
"3146","7"
"2811","1"
"2369","1"
"2204","1"
"3093","1"
"2939","1"
"2939","5"
"2939","6"
"2644","1"
"2644","2"
"2644","9"
"1462","1"
"1462","3"
"1034","1"
"859","1"
"859","3"
"2691","9"
"3113","1"
"3113","3"
"2606","1"
"2606","8"
"2606","3"
"2492","1"
"2716","1"
"2716","5"
"1892","1"
"1892","2"
"1892","3"
"3225","1"
"3225","8"
"2479","1"
"2479","5"
"2668","1"
"2599","1"
"2599","2"
"76784","1"
"56729","1"
"2463","1"
"2463","5"
"2463","6"
"2554","1"
"2554","4"
"3435","1"
"2969","2"
"2969","3"
"2847","1"
"1049","1"
"2968","1"
"2968","4"
"2596","1"
"2596","5"
"1773","1"
"3101","1"
"3101","2"
"3101","3"
"3101","4"
"3209","1"
"2976","1"
"2976","3"
"2077","1"
"2534","1"
"3547","1"
"2221","1"
"3545","1"
"3545","8"
"3538","1"
"3538","3"
"6588","5"
"28682","1"
"3548","1"
"3574","1"
"5588","1"
"3550","1"
"3549","1"
"3549","4"
"3549","5"
"3549","6"
"3551","1"
"3551","4"
"53717","2"
"56731","3"
"7618","1"
"7613","9"
"9622","2"
"9622","7"
"76782","9"
"76781","1"
"90846","1"
"90846","3"
"90846","5"
"90847","1"
"53700","2"
"7614","1"
"7614","3"
"1932","1"
"3362","1"
"3362","8"
"7612","1"
"7612","8"
"7612","3"
"7612","7"
"1317","1"
"53702","5"
"53701","1"
"53701","3"
"52700","2"
"52700","3"
"53704","9"
